Sex,Status,Ncount Employeess,Rate/Day,Rate/hour ,Salary,Income Rate,Salary Inc. Percentage,Distance from home,Learning level,JobInvolvement,JobLevel,JobSatisfaction,No. of previous works,Spend Overtime,Rating of performance,StandardHours,StockOptionLevel,YearsWorkedTotal,TimesTrained,YearsSpentAtWork,YearsInCurrentJob
Male,Married,454,318,77,2119,4759,11,8,4,1,1,1,1,Yes,3,80,0,7,4,7,7
Male,Single,455,738,30,3983,7621,17,9,5,2,1,4,0,No,3,80,0,4,2,3,2
Female,Divorced,456,570,30,6118,5431,13,5,3,2,2,3,1,No,3,80,3,10,2,10,9
Female,Married,458,1130,56,6214,3415,18,8,4,3,2,2,1,No,3,80,1,8,3,8,7
Male,Divorced,460,1192,61,6347,23177,16,5,2,3,2,4,7,No,3,80,2,8,2,6,2
Male,Divorced,461,343,92,11510,15682,14,15,2,2,3,4,0,Yes,3,80,1,12,3,11,10
Female,Single,462,1232,39,7143,25713,14,7,4,3,3,4,1,Yes,3,80,0,11,2,11,9
Female,Divorced,463,144,39,8268,11866,14,10,1,2,2,2,1,Yes,3,80,2,7,2,7,7
Male,Single,464,1296,62,8095,18264,13,5,4,3,3,2,0,No,3,80,0,17,5,16,6
Male,Divorced,465,1309,83,2904,16092,12,26,1,3,1,4,1,No,3,80,2,4,2,4,2
Male,Single,466,483,95,6032,10110,15,6,3,2,2,2,6,Yes,3,80,0,8,3,5,4
Male,Single,467,1309,99,2976,25751,19,4,1,3,2,3,3,No,3,80,0,5,3,0,0
Female,Single,468,810,44,15992,15901,14,23,5,3,4,4,2,No,3,80,0,16,2,1,0
Male,Married,469,746,61,4649,16928,14,2,3,3,2,3,1,No,3,80,1,4,3,4,3
Male,Divorced,470,544,52,2696,24017,11,2,1,3,1,3,0,Yes,3,80,1,4,5,3,2
Female,Married,471,1062,75,2370,3956,13,2,3,3,1,2,1,No,3,80,1,8,4,8,0
Female,Married,473,530,91,12504,23978,21,29,1,3,3,3,3,No,4,80,1,15,3,0,0
Male,Divorced,474,1319,51,5974,17001,13,6,3,4,2,1,4,Yes,3,80,2,13,2,7,7
Female,Married,475,641,85,4736,6069,12,25,2,3,2,3,7,Yes,3,80,1,4,2,2,2
Male,Married,476,933,57,5296,20156,17,1,3,3,2,3,1,No,3,80,1,8,3,8,7
Male,Single,477,1332,98,6781,17078,23,2,4,2,2,4,3,No,4,80,0,14,6,1,0
Female,Single,478,756,99,2174,9150,11,1,1,2,1,2,1,Yes,3,80,0,3,3,3,2
Female,Single,479,845,45,6653,15276,15,1,5,3,2,4,4,No,3,80,0,7,6,1,0
Male,Married,481,541,48,9699,7246,11,3,4,2,3,4,4,No,3,80,1,16,2,13,9
Male,Married,482,593,88,6755,2967,11,1,4,3,2,3,2,No,3,80,0,15,2,3,2
Female,Married,483,1171,46,2213,22495,13,10,4,4,1,3,3,Yes,3,80,1,10,3,7,7
Male,Single,484,895,39,2610,2851,24,9,2,3,1,4,1,No,4,80,0,3,3,3,2
Female,Single,485,350,34,2851,9150,13,5,3,3,1,3,1,Yes,3,80,0,1,2,1,0
Female,Married,486,921,98,3452,17663,20,10,3,3,1,1,6,No,4,80,1,17,3,5,4
Female,Married,487,1144,30,5258,16044,14,7,4,3,2,3,2,No,3,80,0,7,2,1,0
Male,Single,488,143,56,9355,9558,18,4,3,3,2,2,1,No,3,80,0,8,5,8,7
Male,Single,491,1046,100,10496,2755,15,10,3,2,3,4,6,No,3,80,0,20,2,4,3
Male,Married,492,575,68,6380,6110,12,22,2,2,2,3,2,Yes,3,80,2,8,6,6,4
Male,Single,493,408,42,2657,7551,16,9,4,2,1,2,0,Yes,3,80,0,3,5,2,2
Female,Single,494,156,90,2716,25422,15,12,3,4,1,2,1,No,3,80,0,1,0,1,0
Male,Single,495,1283,54,2201,18168,16,23,3,3,1,4,9,No,3,80,0,6,4,3,2
Male,Single,496,755,97,6540,19394,19,9,4,2,2,2,9,No,3,80,0,10,5,1,1
Male,Divorced,497,1469,82,3816,17881,11,1,2,3,1,2,1,No,3,80,1,5,2,5,2
Male,Single,498,304,92,5253,20750,16,9,4,3,2,4,1,No,3,80,0,7,1,7,5
Male,Single,499,1261,31,10965,12066,24,7,3,2,3,3,8,No,4,80,0,26,2,5,2
Female,Married,500,1178,87,4936,14862,11,14,2,3,2,4,4,No,3,80,1,18,2,7,7
Female,Married,501,329,96,2543,11868,13,2,3,3,1,3,4,No,3,80,1,6,3,2,2
Male,Single,502,1362,67,5304,4652,13,19,3,4,2,4,8,Yes,3,80,0,9,3,5,2
Female,Single,505,1311,97,16659,23258,13,2,3,3,4,4,2,Yes,3,80,0,30,2,5,4
Female,Divorced,507,1371,77,4260,5915,12,10,4,3,2,3,1,Yes,3,80,1,5,2,5,2
Male,Married,508,202,72,2476,17434,18,2,1,3,1,2,1,No,3,80,1,1,3,1,0
Male,Single,510,575,73,3102,6582,22,3,1,3,1,1,0,No,4,80,0,7,2,6,4
Female,Married,511,253,43,2244,24440,13,11,3,3,1,2,1,No,3,80,1,2,1,2,1
Male,Married,513,164,61,7596,3809,13,2,2,2,3,3,1,No,3,80,2,10,2,10,9
Male,Single,514,464,40,2285,3427,23,4,3,3,1,4,9,Yes,4,80,0,3,4,1,0
Female,Divorced,515,1107,95,3034,26914,12,14,3,3,1,1,1,No,3,80,1,18,2,18,7
Female,Divorced,516,759,46,5715,22553,12,2,2,3,2,2,7,No,3,80,2,8,5,5,4
Female,Divorced,517,201,95,2576,20490,16,1,4,3,1,1,3,No,3,80,1,8,5,5,2
Male,Single,518,1305,49,4197,21123,12,10,4,3,2,2,2,Yes,3,80,0,18,2,1,0
Male,Divorced,520,982,59,14336,4345,11,12,3,2,4,2,1,No,3,80,1,25,3,25,10
Female,Married,521,555,78,3448,13436,22,2,3,2,2,3,6,No,4,80,1,20,3,1,0
Male,Married,522,821,86,19406,8509,11,5,2,3,5,1,4,No,3,80,1,24,4,4,2
Female,Married,523,1381,72,6538,12740,15,4,4,3,2,3,9,No,3,80,1,6,3,3,2
Female,Married,524,480,31,4306,4156,12,7,2,3,2,1,1,No,3,80,1,13,5,13,10
Male,Married,525,313,61,2258,15238,20,21,3,3,1,4,7,No,4,80,1,8,1,3,2
Female,Divorced,526,1473,74,4522,2227,14,8,4,3,2,3,4,Yes,3,80,0,8,3,5,2
Female,Single,527,891,99,4487,12090,11,4,2,2,2,4,1,Yes,3,80,0,5,3,5,4
Female,Married,529,1063,72,4449,23866,15,25,5,3,2,3,3,Yes,3,80,2,15,2,13,11
Male,Married,530,329,98,2218,16193,12,1,2,2,1,1,1,No,3,80,1,4,3,4,2
Male,Divorced,531,1218,52,19197,8213,14,1,1,3,5,3,1,Yes,3,80,1,21,3,21,8
Female,Married,532,906,86,13212,18256,11,6,3,4,4,1,9,No,3,80,3,36,0,7,7
Female,Single,533,1082,83,6577,19558,11,12,3,3,2,3,0,No,3,80,0,6,6,5,4
Male,Married,534,645,49,8392,19566,16,1,3,4,3,1,1,No,3,80,1,10,2,10,7
Male,Divorced,536,1300,79,4558,13535,12,17,2,3,2,1,1,No,3,80,1,10,2,10,0
Male,Married,538,688,91,4031,9396,13,3,3,3,1,1,5,No,3,80,1,6,5,2,2
Male,Married,543,319,39,7969,19609,14,3,3,2,3,3,2,Yes,3,80,0,28,4,5,4
Male,Married,544,192,69,2654,9655,21,10,2,3,1,4,3,No,4,80,2,8,3,2,2
Female,Married,546,1490,30,16555,10310,13,4,2,3,4,4,2,No,3,80,0,31,2,5,2
Female,Divorced,547,532,92,4556,12932,11,29,2,3,2,3,2,No,3,80,1,19,3,5,4
Female,Single,548,317,43,6091,24793,20,2,3,1,2,4,2,No,4,80,0,11,2,5,4
Female,Married,549,422,41,19566,3854,11,7,3,3,5,1,5,No,3,80,0,33,5,29,8
Female,Divorced,550,1485,87,4810,26314,14,18,3,3,2,3,2,No,3,80,1,19,5,10,7
Female,Married,551,1368,88,4523,4386,11,28,4,2,2,4,0,No,3,80,3,7,4,6,5
Female,Single,554,1448,62,3202,21972,16,1,1,3,1,2,1,Yes,3,80,0,6,4,5,3
Female,Divorced,555,296,33,2351,12253,16,6,2,1,1,3,0,No,3,80,1,3,3,2,2
Male,Married,556,1490,42,1702,12106,23,2,2,3,1,4,1,Yes,4,80,1,1,3,1,0
Female,Married,558,1398,79,18041,13022,14,2,4,3,5,3,0,No,3,80,0,21,2,20,15
Female,Divorced,560,1349,90,2886,3032,22,23,3,3,1,4,1,No,4,80,2,3,3,3,2
Male,Married,562,1400,53,2097,16734,15,3,3,3,1,4,4,No,3,80,1,9,3,5,3
Male,Married,564,986,93,11935,21526,18,3,4,2,3,3,1,No,3,80,0,10,2,10,2
Female,Married,565,408,71,2546,18300,16,25,5,2,1,2,5,No,3,80,0,6,2,2,2
Male,Single,566,489,52,2564,18437,12,2,2,2,1,4,1,No,3,80,0,1,3,1,0
Female,Married,567,1398,69,8412,2890,11,22,4,3,3,1,0,No,3,80,0,10,3,9,8
Male,Divorced,568,210,56,14118,22102,12,29,3,2,4,4,3,No,3,80,1,32,3,1,0
Male,Married,569,1099,88,17046,9314,15,29,4,2,4,3,0,No,3,80,1,28,2,27,10
Female,Single,571,1116,49,2564,7181,14,2,3,3,1,4,0,No,3,80,0,12,2,11,7
Female,Married,573,1499,80,10266,2845,19,28,3,2,3,1,4,No,3,80,0,22,5,18,13
Female,Divorced,574,983,65,5070,7389,13,2,2,3,2,4,5,No,3,80,3,20,2,5,0
Male,Married,575,1009,51,17861,2288,13,2,3,3,4,3,6,No,3,80,0,26,2,3,2
Male,Single,577,144,46,4230,19225,15,22,3,1,1,3,0,No,3,80,0,6,2,5,4
Female,Single,578,548,42,3780,23428,11,8,4,3,2,3,7,No,3,80,0,19,3,1,0
Male,Divorced,579,1303,62,2768,8416,12,2,4,2,1,3,3,No,3,80,1,14,3,7,3
Female,Married,580,1125,94,9071,11563,19,10,3,2,3,4,2,Yes,3,80,1,15,3,3,2
Male,Divorced,581,1274,33,10648,14394,25,9,1,3,3,2,1,No,4,80,1,13,6,13,8
Male,Married,582,1277,56,13610,24619,12,15,1,3,3,3,7,Yes,3,80,0,15,2,7,6
Male,Divorced,584,587,38,3408,6705,13,10,1,1,1,4,7,No,3,80,3,8,2,4,3
Male,Single,585,413,57,2983,18398,14,7,1,3,1,2,0,No,3,80,0,4,3,3,2
Male,Married,586,1276,72,7632,14295,12,16,3,3,3,3,4,Yes,3,80,0,10,2,8,7
Male,Married,587,534,66,9824,22908,12,20,3,3,3,3,3,No,3,80,0,12,2,1,0
Female,Divorced,590,988,43,9950,11533,15,23,3,3,3,1,9,Yes,3,80,3,11,2,3,2
Male,Married,591,1474,97,2093,9260,17,5,2,3,1,3,4,No,3,80,1,8,4,2,2
Male,Single,592,635,32,9980,15318,14,10,4,3,3,4,1,No,3,80,0,10,3,10,3
Male,Single,593,1368,99,3894,9129,16,4,1,2,1,3,5,No,3,80,0,4,3,2,2
Female,Married,595,163,37,4051,19658,14,2,5,3,2,4,2,No,3,80,1,14,2,9,7
Female,Single,597,1117,83,16835,9873,23,18,5,3,4,2,3,No,4,80,0,37,2,10,9
Male,Single,599,267,56,6230,13430,14,10,2,3,2,4,7,No,3,80,0,16,3,14,3
Male,Married,600,619,85,4717,18659,11,1,3,3,2,3,9,No,3,80,0,15,2,11,9
Female,Single,601,302,75,13237,20364,15,6,3,3,4,3,7,No,3,80,0,22,3,20,6
Female,Married,602,443,48,3755,17872,11,8,1,3,1,3,1,No,3,80,1,8,3,8,3
Male,Single,604,828,77,6582,8346,13,2,1,3,2,4,4,Yes,3,80,0,10,2,6,5
Male,Married,605,319,56,7406,6950,21,24,3,3,3,1,1,Yes,4,80,1,10,5,10,9
Male,Married,606,561,61,4805,16177,19,2,3,3,2,2,0,No,3,80,1,9,3,8,7
Female,Divorced,608,426,58,2741,22808,11,17,4,3,1,3,0,Yes,3,80,1,8,2,7,7
Male,Divorced,611,232,34,4262,22645,12,19,3,3,2,4,4,No,3,80,2,8,2,3,2
Female,Divorced,612,922,95,16184,22578,19,1,5,4,4,3,4,No,3,80,1,10,2,6,1
Male,Divorced,613,688,44,11557,25291,21,7,3,2,3,4,9,No,4,80,1,10,3,5,4
Male,Single,614,1306,69,1878,8059,14,5,3,3,1,2,1,Yes,3,80,0,0,3,0,0
Male,Divorced,615,1094,58,10932,11373,15,28,3,1,3,1,3,No,3,80,1,20,2,1,0
Female,Single,616,509,62,6811,2112,17,2,4,2,2,3,2,Yes,3,80,0,10,3,8,7
Male,Divorced,618,775,45,4306,4267,12,29,2,3,2,3,5,No,3,80,2,8,5,0,0
Female,Single,620,195,80,4859,6698,16,1,3,3,2,3,1,No,3,80,0,5,3,5,4
Male,Single,621,258,74,5337,19921,12,21,4,4,2,4,1,No,3,80,0,10,3,10,7
Male,Single,622,471,66,2340,23213,18,24,3,1,1,4,1,Yes,3,80,0,1,3,1,0
Female,Single,623,799,59,7491,23848,17,1,3,3,3,4,4,No,3,80,0,12,3,6,5
Female,Married,624,1034,86,10527,8984,11,18,1,3,3,3,5,No,3,80,0,28,3,2,2
Female,Married,625,1276,91,16595,5626,16,2,5,3,4,1,7,No,3,80,1,22,2,18,16
Male,Divorced,626,142,69,8834,24666,13,9,4,3,3,2,1,No,3,80,1,9,6,9,5
Male,Divorced,630,956,78,5577,22087,12,6,2,3,2,1,3,Yes,3,80,2,18,3,10,9
Male,Married,631,1474,60,4707,23914,12,11,4,4,2,3,8,No,3,80,0,6,2,4,2
Male,Married,632,535,38,2400,5530,13,24,3,3,1,4,0,No,3,80,2,3,3,2,2
Female,Married,634,1495,76,9824,22174,19,10,3,3,2,3,3,No,3,80,1,18,4,1,0
Female,Married,635,446,65,6447,15701,12,1,4,3,2,2,6,No,3,80,1,8,2,6,5
Male,Divorced,638,1245,58,19502,2125,17,18,4,2,5,3,1,Yes,3,80,1,31,5,31,9
Male,Married,639,691,89,2725,21630,11,23,3,4,1,4,1,Yes,3,80,2,6,3,6,5
Male,Married,641,703,66,6272,7428,20,28,2,3,2,2,1,No,4,80,2,6,5,5,3
Male,Married,643,823,94,2127,9100,21,17,2,2,1,2,1,No,4,80,1,1,2,1,0
Male,Married,644,1246,99,18200,7999,11,3,3,3,5,2,1,No,3,80,1,32,2,32,5
Male,Married,645,622,40,2096,26376,11,13,1,3,1,3,1,No,3,80,0,7,1,7,4
Female,Married,647,1287,55,2886,14168,16,7,3,3,1,3,1,Yes,3,80,1,6,4,6,3
Male,Married,648,448,74,2033,14470,18,12,4,2,1,1,1,No,3,80,1,1,2,1,0
Male,Married,649,254,83,3622,22794,13,1,2,2,1,4,1,Yes,3,80,1,6,3,6,5
Male,Divorced,650,1365,46,4233,11512,17,13,4,3,2,1,2,No,3,80,0,9,2,3,1
Male,Single,652,538,54,3681,14004,14,25,2,2,2,4,4,No,3,80,0,9,3,3,2
Male,Divorced,653,525,66,5460,6219,22,6,4,4,2,4,4,No,4,80,2,13,4,7,7
Female,Divorced,655,798,66,2187,5013,12,6,4,2,1,3,0,No,3,80,2,6,5,5,3
Male,Married,656,558,75,9602,3010,11,2,3,3,2,3,4,Yes,3,80,1,17,3,3,0
Female,Single,657,959,83,2836,11757,13,1,3,2,1,2,1,No,3,80,0,1,0,1,0
Female,Married,659,622,81,4089,5718,13,2,4,3,2,4,1,No,3,80,2,10,4,10,2
Male,Divorced,661,782,50,16627,2671,14,6,4,2,4,4,4,Yes,3,80,1,21,3,1,0
Female,Single,662,362,43,2619,14561,17,1,1,3,1,1,3,No,3,80,0,8,3,0,0
Male,Divorced,663,1001,72,5679,19627,13,9,5,3,2,3,3,Yes,3,80,1,10,3,8,7
Female,Married,664,1236,40,15402,17997,11,1,4,2,4,1,7,No,3,80,1,21,3,3,2
Female,Single,665,1112,50,5985,26894,11,1,4,2,2,3,4,No,3,80,0,10,1,2,2
Female,Divorced,666,204,31,2579,2912,18,14,3,3,1,3,1,Yes,3,80,2,8,3,8,2
Male,Divorced,667,1420,85,3041,16346,11,2,1,3,1,1,0,No,3,80,1,5,3,4,3
Male,Single,669,1343,49,3447,24444,11,22,1,3,1,3,1,No,3,80,0,3,2,3,2
Male,Married,671,1315,35,19513,9358,12,3,4,3,5,4,4,Yes,3,80,1,26,2,2,2
Male,Married,675,604,69,2773,12145,20,6,1,3,1,3,0,No,4,80,0,3,3,2,2
Male,Divorced,677,1216,39,7104,20431,12,8,4,3,2,3,0,No,3,80,0,6,3,5,0
Female,Married,679,646,92,6322,18089,12,9,4,3,2,4,1,Yes,3,80,1,6,2,6,4
Female,Divorced,680,160,71,2083,22653,20,3,3,3,1,3,1,No,4,80,1,1,2,1,0
Female,Single,682,238,34,8381,7507,20,1,1,3,2,1,7,No,4,80,0,18,2,14,7
Male,Married,683,1397,42,2691,7660,12,1,5,3,1,4,1,No,3,80,1,10,4,10,9
Female,Married,684,306,100,4286,5630,14,26,4,3,2,1,2,No,3,80,2,5,4,1,1
Female,Married,686,991,71,2659,17759,13,6,3,3,1,4,1,Yes,3,80,1,3,2,3,2
Male,Married,689,482,36,9434,9606,15,3,3,3,3,3,1,No,3,80,1,10,2,10,7
Female,Married,690,1176,62,5561,3487,14,3,2,3,2,3,1,No,3,80,1,6,5,6,0
Male,Single,691,1017,82,6646,19368,13,6,4,1,2,4,1,No,3,80,0,17,3,17,11
Male,Divorced,692,1296,30,7725,5335,23,6,3,3,2,4,3,No,4,80,1,15,2,13,11
Male,Married,698,397,88,10725,6729,15,19,4,3,3,2,2,No,3,80,1,16,1,9,7
Male,Divorced,699,913,48,8847,13934,11,9,2,2,2,2,2,Yes,3,80,1,13,2,3,2
Male,Single,700,1115,54,2045,15174,13,3,4,2,1,4,0,No,3,80,0,5,0,4,2
Male,Single,701,1362,32,1009,26999,11,10,1,3,1,3,1,Yes,3,80,0,1,5,1,0
Male,Single,702,1076,70,3348,3164,11,3,3,3,1,1,1,Yes,3,80,0,10,3,10,8
Male,Married,704,727,41,1281,16900,18,3,3,2,1,3,1,No,3,80,2,1,3,1,0
Male,Married,705,885,58,2819,8544,16,4,3,4,1,1,2,No,3,80,1,5,3,3,2
Male,Married,707,810,57,4851,15678,22,8,3,4,2,2,0,No,4,80,1,4,4,3,2
Female,Single,709,243,46,4028,7791,20,7,4,2,2,4,0,No,4,80,0,8,2,7,7
Male,Divorced,710,806,76,2720,18959,18,1,4,1,1,4,1,No,3,80,1,10,5,10,7
Male,Married,712,817,56,8120,18597,12,2,1,4,2,2,3,No,3,80,0,12,3,2,2
Female,Divorced,714,1410,71,4647,16673,20,3,1,4,2,4,1,Yes,4,80,2,6,3,6,5
Male,Single,715,1225,80,4680,15232,17,10,2,4,1,4,3,No,3,80,0,4,2,1,0
Male,Married,716,1207,74,3221,3297,11,28,1,4,1,3,1,Yes,3,80,3,20,3,20,8
Female,Single,717,1442,46,8621,17654,14,9,3,2,3,2,1,No,3,80,0,9,3,8,7
Female,Single,720,693,65,4577,24785,14,3,2,3,2,3,9,No,3,80,0,4,3,2,2
Female,Single,721,408,80,4553,20978,11,2,4,2,2,3,1,No,3,80,0,20,4,20,7
Male,Single,722,929,55,5396,21703,12,10,3,3,2,4,1,No,3,80,0,10,2,10,7
Male,Married,723,562,50,6796,23452,14,8,2,3,2,3,3,Yes,3,80,1,18,4,4,3
Female,Single,724,827,33,7625,19383,13,1,4,4,2,4,0,No,3,80,0,10,4,9,7
Female,Married,725,608,68,7412,6009,11,1,2,3,3,1,1,No,3,80,0,9,3,9,7
Female,Single,727,1018,39,11159,19373,15,3,2,3,3,4,3,No,3,80,0,10,6,7,7
Male,Single,728,703,42,4960,11825,12,14,4,3,2,1,2,No,3,80,0,20,2,7,7
Male,Married,729,580,48,10475,23772,21,5,4,2,3,1,5,Yes,4,80,1,20,2,18,13
Male,Married,730,970,59,14814,13514,19,7,3,4,4,3,3,No,3,80,0,32,3,5,1
Male,Divorced,731,427,73,19141,8861,15,10,4,2,5,4,3,No,3,80,3,23,2,21,6
Male,Single,732,1179,84,5405,11924,14,16,4,3,2,1,8,No,3,80,0,10,1,2,2
Male,Divorced,733,294,32,8793,4809,21,10,2,3,3,1,1,No,4,80,2,9,4,9,7
Male,Married,734,314,59,19189,19562,12,1,3,2,5,3,1,No,3,80,1,22,3,22,7
Male,Married,738,316,54,3875,9983,15,8,4,3,1,2,7,No,3,80,1,4,2,2,2
Female,Single,741,654,67,2216,3872,13,1,2,1,1,2,7,Yes,3,80,0,10,4,7,7
Female,Married,742,427,63,11713,20335,14,8,3,4,3,1,9,No,3,80,1,10,2,8,7
Female,Single,743,168,81,7861,15397,14,1,3,3,3,3,4,Yes,3,80,0,10,4,1,0
Male,Single,744,381,49,3708,2104,14,24,3,1,1,3,2,No,3,80,0,9,5,5,2
Female,Divorced,746,217,49,13770,10225,12,3,3,3,4,3,9,Yes,3,80,2,28,2,22,2
Male,Divorced,747,501,99,5304,25275,23,27,5,3,2,4,7,No,4,80,1,10,2,8,7
Male,Single,749,1396,99,2642,2755,11,10,3,3,1,3,1,No,3,80,0,1,6,1,0
Male,Divorced,752,933,57,2759,20366,12,19,3,4,1,3,6,Yes,3,80,0,7,2,2,2
Male,Married,754,775,47,6804,23683,18,15,3,2,2,4,3,No,3,80,1,7,5,2,2
Female,Single,757,970,96,6142,7360,11,8,2,3,2,3,3,No,3,80,0,10,2,5,1
Male,Married,758,650,37,2500,4344,14,9,1,3,1,1,1,No,3,80,1,5,2,4,3
Female,Married,760,141,44,6389,18767,15,3,3,4,2,2,9,No,3,80,1,12,3,8,3
Male,Married,762,832,81,11103,20420,11,9,3,3,4,4,7,No,3,80,0,30,1,10,7
Female,Single,763,804,86,2342,22929,20,2,1,2,1,4,0,Yes,4,80,0,5,2,4,2
Female,Single,764,975,55,6811,23398,19,7,3,2,2,1,8,No,3,80,0,9,2,7,6
Male,Divorced,766,1090,83,2297,17967,14,10,3,3,1,2,1,No,3,80,2,2,2,2,2
Male,Single,769,346,86,2450,10919,17,6,3,3,2,4,2,No,3,80,0,19,4,2,2
Female,Divorced,771,1225,61,5093,4761,11,2,4,3,2,1,2,No,3,80,1,16,2,1,0
Male,Married,772,430,80,5309,21146,15,24,4,3,2,4,1,No,3,80,2,10,2,10,8
Male,Married,773,268,92,3057,20471,13,2,5,3,1,3,6,Yes,3,80,1,6,0,1,0
Female,Divorced,775,167,32,5121,4187,14,8,5,3,2,1,3,No,3,80,1,7,3,0,0
Male,Married,776,621,31,16856,10084,11,3,4,2,4,1,1,No,3,80,0,34,3,34,6
Male,Single,780,527,63,2686,5207,13,1,4,3,1,4,1,Yes,3,80,0,10,2,10,9
Female,Single,781,883,32,6180,22807,23,26,1,3,2,4,1,No,4,80,0,6,5,6,5
Male,Single,783,954,46,6632,12388,13,2,2,1,2,3,0,No,3,80,0,9,3,8,7
Male,Single,784,310,79,3505,19630,18,10,1,4,1,3,1,No,3,80,0,2,3,2,2
Female,Single,785,719,77,6397,10339,12,27,2,4,2,3,4,Yes,3,80,0,8,2,5,4
Male,Single,786,304,60,6274,18686,22,2,3,3,2,4,1,No,4,80,0,6,5,6,5
Male,Married,787,725,78,19859,21199,13,2,3,3,5,1,5,Yes,3,80,1,24,2,5,2
Male,Single,789,1434,76,7587,14229,15,8,4,2,3,1,1,No,3,80,0,10,1,10,7
Male,Married,791,715,41,4258,26589,18,19,4,3,1,4,0,No,3,80,1,5,3,4,3
Female,Divorced,792,575,71,4364,5288,14,1,2,1,1,4,3,No,3,80,1,5,2,2,2
Female,Married,793,657,66,4335,25549,12,27,3,3,2,3,4,No,3,80,1,11,3,8,7
Male,Single,796,1146,38,5326,3064,17,8,3,2,2,1,6,No,3,80,0,6,2,4,3
Female,Single,797,182,72,3280,13551,16,1,4,4,1,4,2,No,3,80,0,10,2,4,2
Female,Divorced,799,376,95,5485,22670,11,19,4,3,2,1,9,Yes,3,80,2,9,4,5,3
Male,Married,800,829,84,4342,24008,19,8,1,3,2,4,0,No,3,80,1,5,3,4,2
Female,Divorced,802,571,82,2782,19905,13,10,1,3,1,1,0,Yes,3,80,2,6,3,5,3
Female,Single,803,240,75,5980,26085,12,2,4,4,2,1,6,Yes,3,80,0,17,2,15,7
Female,Single,804,121,86,4381,7530,11,2,4,2,1,1,1,No,3,80,0,6,3,6,5
Female,Married,805,384,72,2572,20317,16,8,4,3,1,4,1,No,3,80,1,3,1,3,2
Male,Married,806,921,38,3833,24375,21,1,3,1,1,3,3,No,4,80,2,7,2,2,2
Female,Married,807,791,38,4244,9931,24,2,2,4,2,2,1,No,4,80,1,8,2,8,7
Female,Married,808,1111,93,6500,13305,17,8,2,3,2,1,5,No,3,80,1,6,1,3,2
Male,Divorced,809,570,66,18430,16225,13,8,3,3,5,4,1,No,3,80,1,24,4,24,7
Male,Married,811,1243,63,1601,3445,21,6,3,4,1,1,1,Yes,4,80,2,1,2,0,0
Male,Divorced,812,1092,60,2694,26551,11,9,3,2,1,2,1,No,3,80,3,1,4,1,0
Female,Married,813,1325,82,3149,21821,20,11,4,3,2,3,8,No,4,80,1,9,3,5,2
Male,Married,815,691,64,17639,6881,16,2,3,3,4,3,5,No,3,80,0,30,3,4,3
Female,Married,816,805,36,2319,6689,11,1,2,2,1,1,1,Yes,3,80,1,1,1,1,0
Male,Married,817,213,49,11691,25995,11,7,3,3,3,3,0,No,3,80,0,14,3,13,9
Female,Single,819,118,69,5324,26507,15,16,3,3,2,1,5,No,3,80,0,6,3,3,2
Female,Married,820,202,33,16752,12982,11,2,2,3,4,4,1,Yes,3,80,1,26,3,26,14
Female,Married,823,676,35,5228,23361,15,1,3,3,2,2,0,No,3,80,1,10,2,9,7
Male,Married,824,1252,81,2700,23779,24,23,2,4,1,3,1,No,4,80,1,10,3,10,7
Male,Single,825,286,31,19246,25761,12,2,4,3,5,2,7,Yes,3,80,0,40,2,31,15
Female,Single,826,1258,40,2506,13301,13,1,4,4,1,3,3,No,3,80,0,7,0,2,2
Female,Married,827,932,43,6062,4051,13,1,2,2,2,4,9,Yes,3,80,1,8,4,4,3
Male,Single,828,890,46,4382,16374,17,2,4,3,1,3,6,No,3,80,0,5,3,2,2
Male,Married,829,1041,36,2143,25527,13,13,3,3,1,2,4,No,3,80,1,8,2,5,2
Female,Married,830,859,98,6162,19124,12,4,3,2,2,3,1,No,3,80,1,14,3,14,13
Male,Single,832,720,51,5094,11983,14,16,4,2,2,3,6,No,3,80,0,10,6,1,0
Female,Single,833,946,52,6877,20234,24,2,3,2,2,4,5,Yes,4,80,0,12,4,0,0
Female,Single,834,252,95,2274,6153,14,2,3,2,1,3,1,No,3,80,0,1,3,1,0
Male,Married,836,933,98,4434,11806,13,29,3,3,2,2,1,No,3,80,1,10,3,9,8
Male,Divorced,837,471,45,6288,4284,15,12,3,2,2,1,2,No,3,80,1,13,3,4,3
Female,Single,838,702,100,2553,8306,16,16,4,2,1,4,1,No,3,80,0,6,3,5,2
Female,Married,840,1184,43,7654,5860,18,11,3,3,3,4,1,No,3,80,2,9,3,9,8
Male,Single,842,436,37,5160,21519,16,2,1,3,2,4,4,No,3,80,0,12,3,9,7
Male,Married,843,589,94,17159,5200,24,14,2,3,4,1,6,No,4,80,1,22,3,4,1
Male,Divorced,844,269,42,12808,8842,16,5,1,2,3,4,1,Yes,3,80,1,9,3,9,8
Male,Single,845,950,59,10221,18869,21,7,3,3,3,3,3,No,4,80,0,17,3,8,5
Female,Married,846,760,81,4779,3698,20,2,4,3,2,2,1,Yes,4,80,0,8,2,8,7
Male,Married,847,829,88,3737,2243,19,3,2,3,1,4,0,No,3,80,1,4,1,3,2
Female,Married,848,887,88,2366,20898,14,5,2,2,1,3,1,Yes,3,80,1,8,2,8,7
Male,Married,850,443,50,1706,16571,11,3,3,3,1,4,1,No,3,80,3,0,6,0,0
Female,Married,851,1318,66,16307,5594,14,26,4,3,4,3,2,No,3,80,1,29,2,20,6
Male,Single,852,625,50,5933,5197,12,4,3,3,2,2,9,No,3,80,0,10,2,5,2
Male,Single,854,180,65,3424,21632,13,2,1,4,1,1,7,No,3,80,0,6,3,4,3
Male,Divorced,855,586,48,4037,21816,22,1,3,4,2,1,1,No,4,80,1,9,5,9,8
Female,Single,856,1343,53,2559,17852,11,27,1,2,1,1,1,No,3,80,0,6,3,6,5
Male,Married,857,928,56,6201,2823,14,1,2,3,2,4,1,Yes,3,80,1,18,1,18,14
Male,Divorced,859,117,73,4403,9250,11,13,4,3,2,4,2,No,3,80,1,8,3,5,2
Male,Divorced,861,1012,75,3761,2373,12,5,4,2,1,4,9,No,3,80,1,10,3,5,4
Female,Married,862,661,78,10934,20715,18,7,2,2,3,4,7,Yes,3,80,1,35,3,5,2
Male,Divorced,864,930,74,10761,19239,12,9,3,3,3,1,4,Yes,3,80,1,18,2,5,4
Female,Married,865,638,91,5175,22162,12,8,2,4,2,3,5,No,3,80,1,9,3,5,3
Female,Married,867,890,81,13826,19028,22,25,4,2,4,4,3,No,4,80,0,31,3,9,8
Male,Divorced,868,342,66,6334,24558,19,16,4,2,2,3,4,No,3,80,2,9,2,1,0
Male,Divorced,869,1169,63,4936,23965,13,8,2,2,1,4,1,No,3,80,1,6,6,5,1
Male,Married,872,1230,33,4775,19146,22,1,2,2,2,4,6,No,4,80,2,4,2,2,2
Male,Married,874,986,62,2818,5044,24,8,4,4,1,4,2,Yes,4,80,1,10,2,3,2
Male,Single,875,1271,35,2515,9068,14,2,1,3,1,4,5,Yes,3,80,0,8,2,2,1
Male,Married,878,1278,77,2342,8635,21,8,3,2,1,1,0,No,4,80,0,6,3,5,4
Male,Married,879,141,98,4194,14363,18,3,1,3,2,1,1,Yes,3,80,0,5,3,5,3
Female,Married,880,607,66,10685,23457,20,9,3,2,3,3,1,Yes,4,80,1,17,2,17,14
Female,Divorced,881,130,96,2022,16612,19,25,4,3,1,2,1,Yes,3,80,1,10,3,10,2
Male,Divorced,882,300,61,2314,9148,12,1,3,3,1,4,0,No,3,80,1,4,2,3,0
Male,Married,885,583,87,4256,18154,12,4,1,2,2,1,1,No,3,80,0,5,1,5,2
Female,Married,887,1418,36,3580,10554,16,1,3,3,1,1,2,No,3,80,1,7,2,4,2
Male,Married,888,1269,46,3162,10778,17,4,1,2,1,4,0,No,3,80,0,6,2,5,2
Male,Married,889,379,48,6524,8891,14,5,2,3,2,2,1,No,3,80,1,10,3,10,8
Male,Married,893,395,98,2899,12102,19,9,3,2,1,2,0,No,3,80,1,3,3,2,2
Female,Married,894,1265,95,5231,23726,13,3,3,4,2,4,2,Yes,3,80,1,17,1,5,3
Male,Married,895,1222,48,2356,14871,19,11,4,3,1,4,3,Yes,3,80,1,8,2,6,4
Female,Divorced,896,341,48,2800,23522,19,1,3,2,1,3,6,Yes,3,80,3,5,3,3,2
Male,Married,897,868,73,11836,22789,14,8,3,3,4,4,5,No,3,80,1,28,3,2,0
Male,Married,899,672,78,10903,9129,16,25,3,2,3,2,3,No,3,80,0,16,2,13,10
Female,Married,900,1231,54,2973,21222,15,21,2,3,1,4,5,No,3,80,1,10,3,5,4
Female,Single,901,102,72,14275,20206,18,23,4,3,4,4,6,No,3,80,0,33,0,12,9
Female,Married,902,422,33,5562,21782,13,1,3,3,2,4,4,No,3,80,1,12,2,5,2
Female,Married,903,249,35,4537,17783,22,2,2,3,2,4,0,Yes,4,80,1,8,2,7,6
Male,Single,904,1252,32,7642,4814,13,19,2,3,3,2,1,Yes,3,80,0,10,2,10,0
Male,Divorced,905,881,98,17924,4544,11,2,4,3,4,1,1,No,3,80,1,31,3,31,6
Female,Married,909,1383,42,5204,7790,11,2,3,2,2,4,8,No,3,80,2,13,2,5,4
Male,Divorced,910,1075,57,2277,22650,11,3,2,3,1,2,3,Yes,3,80,1,7,4,4,3
Male,Single,911,374,87,2795,18016,24,25,4,3,1,4,1,Yes,4,80,0,1,2,1,0
Female,Divorced,912,1086,62,2532,6054,14,7,1,2,1,4,6,No,3,80,3,8,5,4,3
Male,Married,913,661,61,2559,7508,13,9,2,3,1,1,1,Yes,3,80,0,8,0,8,7
Male,Single,916,821,98,4908,24252,14,5,4,3,2,4,1,No,3,80,0,4,3,4,2
Male,Divorced,918,781,57,2380,13384,14,2,1,2,1,4,9,Yes,3,80,1,3,3,1,0
Female,Divorced,920,177,55,4765,23814,21,8,3,3,2,2,4,No,4,80,1,4,2,1,0
Female,Single,922,500,49,2044,22052,13,2,3,2,1,3,1,No,3,80,0,2,3,2,2
Female,Single,923,1427,65,2693,8870,19,18,1,3,1,4,1,No,3,80,0,1,3,1,0
Male,Married,924,1425,68,6586,4821,17,14,1,3,2,4,0,Yes,3,80,1,17,2,16,8
Female,Single,925,1454,65,3294,13137,18,2,4,2,1,4,1,Yes,3,80,0,3,3,3,2
Female,Married,926,617,34,4171,10022,19,3,1,3,2,3,0,Yes,3,80,1,4,3,3,2
Female,Divorced,927,1085,57,2778,17725,13,2,4,1,1,4,4,Yes,3,80,1,10,1,7,7
Female,Divorced,930,995,77,2377,9834,18,9,3,3,1,3,5,No,3,80,1,6,2,2,2
Male,Married,932,1122,70,2404,4303,21,6,3,3,1,1,7,Yes,4,80,0,8,2,2,2
Female,Single,933,618,76,2318,17808,19,4,3,3,1,3,1,No,3,80,0,1,2,1,1
Male,Divorced,934,546,83,2008,6896,14,10,3,3,1,2,1,No,3,80,2,1,3,1,0
Female,Single,936,462,68,6244,7824,17,14,2,2,2,3,7,No,3,80,0,10,6,5,4
Male,Single,939,1198,100,2799,3339,11,1,4,2,1,1,3,Yes,3,80,0,6,1,3,2
Female,Divorced,940,1272,37,10552,9255,13,5,3,2,3,2,2,Yes,3,80,1,24,3,6,0
Male,Married,941,154,41,2329,11737,15,7,4,2,1,3,3,No,3,80,0,13,2,7,7
Female,Married,942,1137,51,4014,19170,25,21,1,3,2,4,1,Yes,4,80,1,10,2,10,6
Female,Married,944,527,51,7403,22477,11,8,2,3,3,2,4,No,3,80,1,29,3,26,9
Male,Married,945,1469,51,2259,5543,17,20,4,3,1,3,4,No,3,80,2,13,2,0,0
Female,Married,947,1188,45,6932,24406,13,20,2,3,2,3,1,No,3,80,1,9,2,9,8
Male,Single,949,188,65,4678,23293,18,7,4,3,1,4,2,No,3,80,0,8,6,6,2
Female,Married,950,1333,80,13582,16292,13,1,3,3,3,1,1,No,3,80,1,15,3,15,12
Female,Married,951,1184,70,2332,3974,20,1,3,2,1,2,6,No,4,80,0,5,3,3,0
Male,Married,952,867,36,2413,18798,18,19,2,2,1,2,1,Yes,3,80,3,1,2,1,0
Male,Divorced,954,658,67,9705,20652,12,10,4,2,3,2,2,No,3,80,1,11,2,1,0
Male,Single,956,1283,52,4294,11148,12,1,3,2,2,1,1,No,3,80,0,7,2,7,7
Male,Single,957,263,59,4721,3119,13,6,3,3,1,1,2,Yes,3,80,0,20,3,18,13
Male,Single,958,938,79,2519,12287,21,2,4,3,1,3,4,No,4,80,0,16,6,11,8
Male,Single,959,419,37,2121,9947,13,21,3,2,1,2,1,Yes,3,80,0,1,3,1,0
Male,Single,960,129,84,2973,13008,19,4,3,3,1,1,1,No,3,80,0,1,2,1,0
Female,Married,961,616,41,5855,17369,11,12,3,3,2,4,0,Yes,3,80,2,10,2,9,7
Male,Divorced,964,1469,35,3617,25063,14,9,4,3,1,2,8,Yes,3,80,1,3,2,1,1
Female,Married,966,498,93,6725,13554,12,3,4,3,2,1,1,No,3,80,1,8,2,8,7
Male,Married,967,530,51,10325,5518,11,3,1,2,3,4,1,Yes,3,80,1,16,6,16,7
Female,Single,969,1069,42,6949,12291,14,1,3,2,2,4,0,No,3,80,0,6,3,5,0
Male,Married,970,625,46,10609,14922,11,1,4,2,3,3,5,No,3,80,0,17,2,14,1
Male,Married,972,805,57,4447,23163,12,4,2,3,2,2,1,No,3,80,0,9,5,9,7
Female,Married,974,1404,84,2157,18203,15,20,3,3,1,4,1,No,3,80,1,3,5,3,1
Female,Married,975,1219,86,4601,6179,16,18,3,3,2,3,1,No,3,80,0,5,3,5,2
Male,Married,976,1053,70,17099,13829,15,1,2,3,4,4,2,No,3,80,1,26,2,9,8
Male,Single,977,289,51,2479,26227,24,2,3,3,1,3,4,No,4,80,0,7,4,1,0
Male,Divorced,981,1376,45,14852,13938,13,2,2,3,4,3,6,No,3,80,1,22,3,17,13
Male,Divorced,982,231,62,7264,9977,11,8,2,3,3,3,5,No,3,80,1,10,2,8,4
Female,Single,983,152,85,5666,19899,13,10,3,3,2,4,1,Yes,3,80,0,6,1,5,3
Male,Divorced,984,882,92,7823,6812,13,3,4,3,3,4,6,No,3,80,1,12,2,10,9
Male,Single,985,903,41,7880,2560,18,2,5,4,3,3,0,No,3,80,0,9,3,8,7
Female,Single,986,1479,100,13194,17071,16,24,3,4,4,2,4,Yes,3,80,0,22,2,1,0
Male,Divorced,987,1379,64,5067,6759,19,16,4,4,2,3,1,Yes,3,80,0,20,3,19,10
Male,Divorced,990,1229,84,5079,25952,13,8,4,3,2,4,4,No,3,80,2,12,3,7,7
Male,Single,991,335,46,2321,10322,22,9,2,2,1,1,0,Yes,4,80,0,4,0,3,2
Male,Single,992,722,38,17444,20489,11,17,3,3,4,3,1,No,3,80,0,10,2,10,8
Female,Single,994,906,92,2404,11479,20,10,3,2,1,1,6,Yes,4,80,0,3,5,0,0
Female,Single,995,461,53,3452,17241,18,13,1,3,1,4,3,No,3,80,0,5,4,3,2
Female,Divorced,996,974,91,2270,11005,14,1,4,3,1,4,3,No,3,80,2,8,2,5,3
Male,Divorced,997,1126,66,17399,6615,22,1,2,3,4,4,9,No,4,80,1,32,1,5,4
Female,Married,998,827,84,5488,20161,13,1,4,4,2,2,1,Yes,3,80,1,6,2,6,5
Male,Divorced,999,840,64,19419,3735,17,9,3,3,5,3,2,No,3,80,1,21,2,18,16
Female,Married,1001,1134,37,2811,12086,14,16,4,3,1,2,9,No,3,80,1,4,2,2,2
Male,Married,1002,248,42,3633,14039,15,23,2,3,2,1,1,Yes,3,80,1,9,2,9,8
Female,Single,1003,955,83,4163,8571,17,4,2,3,2,4,1,Yes,3,80,0,9,0,9,0
Female,Married,1004,138,48,2132,11539,11,22,3,3,1,3,4,Yes,3,80,0,7,2,5,2
Male,Married,1005,939,95,13973,4161,18,24,3,3,4,3,3,Yes,3,80,1,22,2,12,11
Male,Married,1006,1391,66,2684,12127,17,10,1,3,1,3,0,No,3,80,1,3,0,2,1
Male,Divorced,1007,566,75,10845,24208,13,7,2,3,3,3,6,No,3,80,1,13,3,8,7
Female,Divorced,1009,1206,41,4377,24117,15,17,1,2,2,3,1,No,3,80,2,5,6,4,2
Male,Divorced,1010,622,39,3743,10074,24,14,4,2,1,2,1,Yes,4,80,1,5,2,4,2
Female,Married,1011,853,96,4148,11275,12,1,1,3,2,1,1,No,3,80,1,4,1,4,3
Male,Single,1012,287,73,1051,13493,15,5,2,3,1,4,1,No,3,80,0,0,2,0,0
Female,Married,1013,1441,56,10739,13943,11,17,3,3,3,3,8,No,3,80,1,22,2,10,7
Female,Divorced,1014,583,57,10388,6975,11,25,4,3,3,3,1,Yes,3,80,1,16,3,16,10
Female,Married,1015,153,73,11416,17802,12,8,2,4,3,1,0,Yes,3,80,3,9,4,8,7
Female,Single,1016,1097,98,2600,18275,15,11,3,2,1,1,1,Yes,3,80,0,1,2,1,0
Female,Single,1017,109,60,2422,25725,17,5,3,3,1,2,0,No,3,80,0,4,3,3,2
Male,Married,1018,1066,32,5472,3334,12,2,2,4,2,4,1,No,3,80,0,8,2,8,7
Male,Married,1019,217,94,2451,6881,15,8,1,1,1,1,1,No,3,80,1,4,3,4,3
Male,Single,1022,277,97,4240,13119,13,6,3,2,2,3,2,No,3,80,0,19,0,2,2
Male,Single,1024,1355,78,10999,22245,14,4,4,2,3,3,7,No,3,80,0,27,3,15,11
Female,Single,1025,549,42,5003,23371,14,7,2,3,2,3,6,No,3,80,0,8,6,2,2
Female,Married,1026,466,65,12742,7060,16,1,1,2,4,4,1,No,3,80,1,21,3,21,6
Female,Married,1027,1055,47,4227,4658,18,2,4,3,2,4,0,No,3,80,1,4,2,3,2
Male,Divorced,1028,802,45,3917,9541,20,10,3,3,1,4,1,No,4,80,1,3,4,3,2
Male,Married,1029,265,90,18303,7770,13,5,2,3,5,3,6,No,3,80,0,21,3,1,0
Male,Married,1030,804,64,2380,20165,18,9,3,3,1,4,4,No,3,80,0,8,5,1,0
Female,Single,1032,715,69,13726,21829,13,2,3,2,4,4,3,Yes,3,80,0,30,4,5,3
Female,Married,1033,1141,61,4777,14382,15,11,2,1,2,2,5,No,3,80,0,15,2,1,0
Male,Married,1034,135,62,6385,12992,14,18,4,3,2,2,3,Yes,3,80,2,17,3,8,7
Female,Divorced,1035,247,55,19973,20284,22,7,1,1,5,3,1,No,4,80,2,21,3,21,16
Male,Single,1036,1035,42,6861,4981,12,3,4,3,2,4,8,Yes,3,80,0,19,1,1,0
Male,Single,1037,265,79,4969,21813,18,29,2,1,2,1,8,No,3,80,0,7,6,2,2
Female,Married,1038,266,57,19845,25846,15,2,1,1,5,4,1,No,3,80,1,33,3,32,14
Female,Married,1039,1448,53,13320,11737,18,28,3,4,4,4,3,Yes,3,80,1,23,2,12,11
Female,Married,1040,145,95,6347,24920,12,1,3,3,2,3,0,No,3,80,1,19,3,18,7
Female,Single,1042,885,43,2743,8269,16,16,4,4,1,1,1,No,3,80,0,18,1,17,13
Female,Single,1043,945,82,10880,5083,13,22,3,3,3,1,1,Yes,3,80,0,21,2,21,6
Female,Single,1044,1038,88,2342,21437,19,8,1,2,1,4,0,No,3,80,0,3,2,2,2
Female,Married,1045,1234,90,17650,5404,13,11,2,3,4,4,3,No,3,80,1,26,4,9,3
Female,Single,1046,1109,69,4025,11135,12,29,4,3,1,3,9,No,3,80,0,10,2,8,7
Male,Divorced,1047,216,75,9725,12278,11,1,4,4,2,4,0,No,3,80,1,16,2,15,1
Male,Married,1048,1089,66,11904,11038,14,1,2,3,3,4,3,Yes,3,80,1,14,1,6,4
Male,Single,1049,788,36,2177,8318,16,24,4,3,1,2,1,No,3,80,0,6,3,6,3
Female,Married,1050,124,38,7525,23537,12,2,3,2,3,2,2,No,3,80,1,30,2,15,7
Male,Divorced,1052,660,81,4834,7858,14,15,3,3,2,3,7,No,3,80,1,9,3,1,0
Male,Married,1053,342,57,2042,15346,14,2,3,3,1,1,6,Yes,3,80,1,6,2,3,2
Female,Married,1055,1333,87,2220,18410,19,10,4,3,1,3,1,Yes,3,80,1,1,2,1,1
Male,Married,1056,1144,74,1052,23384,22,10,1,3,1,2,1,No,4,80,0,1,5,1,0
Male,Married,1060,1186,44,2821,2997,16,3,4,3,1,3,3,No,3,80,1,8,2,2,2
Male,Married,1061,1464,62,19237,12853,11,2,4,3,5,3,2,Yes,3,80,1,29,2,8,1
Female,Single,1062,124,35,4107,13848,15,3,3,3,2,2,3,No,3,80,0,8,3,4,3
Male,Married,1066,300,74,8396,22217,14,26,3,3,2,1,1,No,3,80,1,8,3,7,7
Female,Divorced,1068,921,66,2007,25265,13,1,1,2,1,3,1,No,3,80,2,5,5,5,3
Male,Divorced,1069,430,40,19627,21445,17,1,4,3,5,4,9,No,3,80,2,23,0,2,2
Female,Married,1070,1082,41,10686,8392,11,2,4,2,3,3,6,No,3,80,1,13,4,9,4
Female,Married,1071,1240,63,2942,12154,19,9,3,3,1,3,2,No,3,80,1,18,4,5,4
Female,Single,1073,796,51,8858,15669,11,12,5,2,3,4,0,No,3,80,0,15,2,14,8
Male,Single,1074,444,40,16756,17323,15,2,1,2,4,1,7,No,3,80,0,31,3,9,7
Male,Divorced,1076,415,79,10798,5268,13,25,3,2,3,4,5,No,3,80,1,18,5,1,0
Female,Single,1077,769,54,2323,17205,14,9,3,3,1,4,1,Yes,3,80,0,2,3,2,2
Female,Single,1079,1334,36,1416,17258,13,10,3,2,1,1,1,No,3,80,0,1,6,1,0
Female,Divorced,1080,1003,74,4615,21029,23,8,4,2,2,1,8,Yes,4,80,3,19,2,16,13
Male,Married,1081,1323,34,2461,10332,12,4,4,3,1,3,9,Yes,3,80,3,18,2,10,0
Male,Single,1082,1366,72,8722,12355,12,24,2,2,3,1,1,No,3,80,0,10,2,10,7
Male,Married,1083,192,59,3955,11141,16,1,2,2,1,1,1,No,3,80,2,6,2,5,3
Male,Married,1084,1176,85,9957,9096,15,20,3,3,2,1,0,No,3,80,1,7,1,6,2
Female,Married,1085,509,43,3376,18863,13,7,2,4,1,3,1,No,3,80,0,10,3,10,6
Female,Married,1088,330,65,8823,24608,18,17,1,2,3,3,0,No,3,80,1,20,4,19,9
Male,Married,1092,1492,61,10322,26542,20,20,4,3,3,4,4,No,4,80,1,14,6,11,10
Male,Married,1094,1277,87,4621,5869,19,8,5,1,1,3,1,No,3,80,3,3,4,3,2
Male,Married,1096,1091,65,10976,15813,18,2,1,3,3,2,3,No,3,80,1,23,4,3,2
Female,Single,1097,857,59,3660,7909,13,10,3,3,2,3,3,No,3,80,0,10,4,8,7
Male,Married,1098,1376,91,10482,2326,14,1,2,2,3,1,9,No,3,80,1,24,1,20,6
Male,Divorced,1099,654,34,7119,21214,15,5,3,2,3,4,4,No,3,80,1,9,2,3,2
Male,Single,1100,1204,86,9582,10333,22,4,3,3,3,1,0,Yes,4,80,0,9,2,8,7
Female,Single,1101,827,54,4508,3129,22,29,4,2,2,3,1,No,4,80,0,14,4,13,7
Male,Divorced,1102,895,50,2207,22482,16,15,2,3,1,3,1,No,3,80,1,4,5,4,2
Male,Single,1103,618,45,7756,22266,17,3,1,3,2,4,0,No,3,80,0,7,1,6,2
Female,Divorced,1105,309,88,6694,24223,14,10,4,2,2,4,2,Yes,3,80,3,8,5,1,0
Male,Married,1106,1219,32,3691,4605,15,4,1,3,1,4,1,Yes,3,80,1,7,3,7,7
Male,Divorced,1107,1330,37,2377,19373,20,21,3,3,1,3,1,No,4,80,1,1,0,1,1
Male,Single,1108,1017,55,2313,2993,20,25,3,2,1,2,4,Yes,4,80,0,5,0,2,2
Male,Married,1109,469,35,17665,14399,17,2,2,3,4,1,0,No,3,80,1,23,3,22,6
Male,Divorced,1111,1009,45,2596,7160,15,1,3,2,1,2,1,No,3,80,2,1,2,1,0
Male,Single,1113,959,81,4728,17251,14,1,4,3,2,3,3,Yes,3,80,0,5,4,0,0
Female,Married,1114,970,30,4302,13401,17,7,3,3,2,2,0,No,3,80,1,4,3,3,2
Male,Married,1115,697,40,2979,22478,17,3,4,2,1,4,3,No,3,80,3,6,2,0,0
Male,Single,1116,1262,35,16885,16154,22,1,4,4,4,4,2,No,4,80,0,27,3,5,4
Female,Married,1117,1050,65,5593,17970,13,9,4,2,2,3,1,No,3,80,1,15,2,15,10
Male,Single,1118,994,87,10445,15322,19,7,4,3,3,2,7,No,3,80,0,18,4,8,6
Male,Divorced,1119,770,73,8740,5569,14,10,4,2,3,3,0,Yes,3,80,2,9,2,8,7
Female,Divorced,1120,1107,93,2514,26968,22,28,4,3,1,4,4,No,4,80,1,11,1,7,5
Female,Divorced,1121,950,93,7655,8039,17,3,3,3,3,2,0,No,3,80,3,10,3,9,7
Male,Married,1124,406,52,17465,15596,12,3,1,3,4,3,3,No,3,80,1,23,3,12,9
Male,Single,1125,130,32,7351,20619,16,2,2,3,3,2,7,No,3,80,0,10,2,1,0
Female,Married,1126,1082,83,10820,11535,11,27,3,3,3,1,8,No,3,80,1,18,1,8,7
Male,Divorced,1127,203,84,12169,13547,11,2,3,3,4,4,7,No,3,80,3,21,4,18,7
Male,Single,1128,1308,44,19626,17544,14,14,3,2,5,3,1,No,3,80,0,21,2,20,7
Female,Single,1131,984,70,2070,25326,11,1,1,2,1,2,1,Yes,3,80,0,2,6,2,2
Male,Single,1132,439,70,6782,8770,15,9,3,3,2,2,9,No,3,80,0,9,2,5,4
Male,Single,1133,217,78,7779,23238,20,18,4,3,2,4,2,No,4,80,0,18,0,11,9
Male,Married,1135,793,67,2791,21981,12,20,3,4,1,4,0,No,3,80,1,3,4,2,2
Male,Married,1136,1451,67,3201,19911,17,2,1,2,1,2,0,No,3,80,0,6,2,5,3
Male,Divorced,1137,1182,54,4968,18500,11,11,2,3,2,4,1,No,3,80,1,5,3,5,2
Male,Married,1138,174,56,13120,11879,17,8,4,2,4,2,6,No,3,80,1,22,3,9,8
Male,Single,1140,1003,95,4033,15834,11,2,2,3,2,3,2,No,3,80,0,5,3,3,2
Female,Divorced,1143,490,61,3291,17940,14,10,3,3,1,2,0,No,3,80,2,8,2,7,5
Male,Single,1148,188,56,4272,9558,19,29,3,1,2,4,4,No,3,80,0,16,3,1,0
Male,Married,1150,718,79,5056,17689,15,8,1,2,2,4,1,Yes,3,80,1,10,2,10,7
Male,Married,1152,433,37,2844,6004,13,1,3,4,1,3,1,No,3,80,1,7,2,7,6
Male,Divorced,1154,773,39,2703,22088,14,6,3,2,1,3,1,Yes,3,80,1,3,2,3,1
Male,Single,1156,247,80,1904,13556,12,8,1,3,1,3,1,No,3,80,0,0,0,0,0
Female,Single,1157,603,77,8224,18385,17,9,4,3,2,1,0,Yes,3,80,0,6,3,5,2
Male,Married,1158,167,46,4766,9051,11,12,4,3,1,4,3,Yes,3,80,1,6,4,1,0
Male,Married,1160,874,72,2610,6233,12,15,3,3,1,3,1,No,3,80,1,2,5,2,2
Female,Divorced,1161,367,52,5731,17171,13,25,2,2,2,4,7,No,3,80,2,9,2,6,2
Male,Married,1162,199,55,2539,7950,13,6,3,2,1,3,1,No,3,80,1,4,0,4,2
Female,Married,1163,1400,70,5714,5829,20,9,1,3,2,3,1,No,4,80,0,6,3,6,5
Male,Single,1164,528,100,4323,7108,17,8,4,3,1,3,1,No,3,80,0,6,2,5,4
Female,Married,1165,408,45,7336,11162,13,23,1,2,3,1,1,No,3,80,1,11,3,11,8
Female,Single,1166,593,88,13499,13782,17,9,4,3,3,3,9,No,3,80,0,20,3,18,7
Male,Single,1167,481,44,13758,2447,12,12,3,3,4,1,0,Yes,3,80,0,22,2,21,9
Male,Single,1171,647,45,5155,2253,13,4,4,3,2,1,7,No,3,80,0,9,3,6,4
Male,Married,1172,982,58,2258,16340,12,1,4,2,1,3,6,No,3,80,1,10,2,8,0
Male,Single,1173,477,49,3597,6409,22,24,3,3,1,2,8,No,4,80,0,6,2,4,3
Female,Married,1175,1485,79,2515,22955,11,12,1,3,1,4,1,Yes,3,80,0,1,4,1,1
Male,Married,1177,1384,82,4420,13421,22,3,4,4,1,4,1,No,4,80,1,8,2,8,7
Male,Married,1179,852,72,6578,2706,18,10,3,2,2,3,1,No,3,80,1,10,3,10,3
Female,Married,1180,902,92,4422,21203,13,26,2,2,2,4,3,Yes,3,80,1,16,3,1,1
Male,Divorced,1182,819,44,10274,19588,18,2,3,2,3,2,2,No,3,80,1,15,2,7,7
Male,Single,1184,669,97,5343,25755,20,1,3,2,2,1,0,No,4,80,0,14,3,13,9
Male,Married,1185,636,47,2376,26537,13,4,4,2,1,4,1,No,3,80,1,2,2,2,2
Female,Single,1188,1372,85,5346,9489,13,9,3,1,2,3,8,No,3,80,0,7,2,4,3
Female,Divorced,1190,862,76,2827,14947,12,2,1,3,1,1,1,No,3,80,3,1,3,1,0
Female,Divorced,1191,718,92,19943,18575,13,4,4,3,5,1,4,No,3,80,1,28,2,5,2
Female,Married,1192,1401,54,3131,26342,13,6,1,3,1,4,1,No,3,80,1,10,5,10,8
Male,Single,1193,645,54,2552,7172,25,9,2,3,1,1,1,No,4,80,0,1,4,1,1
Female,Married,1195,1457,83,4477,20100,19,7,3,3,1,3,4,Yes,3,80,1,7,2,3,2
Female,Married,1196,977,56,6474,9961,13,1,3,2,2,4,1,No,3,80,1,14,2,14,8
Male,Single,1198,805,87,3033,12828,12,3,3,2,1,3,1,No,3,80,0,2,2,2,2
Male,Single,1200,1097,96,2936,10826,11,10,4,3,1,3,1,Yes,3,80,0,6,4,6,4
Female,Divorced,1201,1223,50,18606,18640,18,7,2,3,5,3,3,No,3,80,1,26,6,7,7
Female,Married,1202,942,69,2168,26933,18,15,1,1,1,4,0,Yes,3,80,1,6,2,5,4
Male,Married,1203,1256,48,2853,4223,11,3,4,2,1,4,0,Yes,3,80,1,1,5,0,0
Female,Married,1204,1402,69,17048,24097,23,2,3,3,4,1,8,No,4,80,0,28,2,26,15
Male,Single,1206,111,74,2290,4279,13,17,3,1,1,3,2,No,3,80,0,6,3,0,0
Male,Married,1207,147,99,3600,8429,13,2,3,3,1,3,1,No,3,80,1,5,2,5,4
Male,Divorced,1210,906,95,2107,20293,17,5,2,2,1,1,6,No,3,80,1,5,2,1,0
Male,Divorced,1211,1329,61,4115,13192,19,29,4,3,2,1,8,No,3,80,3,8,3,4,3
Male,Married,1212,1184,62,4327,25440,12,2,4,3,2,2,5,No,3,80,3,5,2,0,0
Female,Married,1215,1421,30,17856,9490,22,2,3,3,4,1,2,No,4,80,1,32,3,2,2
Male,Married,1216,1179,78,3196,12449,12,19,4,2,1,1,1,No,3,80,3,6,2,6,5
Male,Married,1217,1450,52,19081,10849,11,15,2,3,5,2,5,No,3,80,1,25,2,4,2
Male,Married,1218,1361,94,8966,21026,15,17,4,3,2,1,3,Yes,3,80,3,15,2,7,7
Female,Married,1219,984,97,2210,3372,13,17,2,3,1,2,1,No,3,80,1,1,3,1,0
Female,Married,1220,1146,82,4539,4905,12,25,3,3,2,3,1,No,3,80,1,10,3,10,7
Male,Divorced,1221,917,60,2741,6865,14,6,4,1,1,3,1,No,3,80,1,7,4,7,7
Male,Divorced,1224,853,49,3491,11309,13,7,4,3,2,3,1,No,3,80,3,10,4,10,7
Male,Single,1225,200,32,4541,7744,25,29,4,3,2,4,1,No,4,80,0,20,3,20,11
Male,Single,1226,654,43,2678,5050,17,21,3,4,1,4,1,No,3,80,0,2,2,2,1
Male,Divorced,1228,150,60,7379,17433,11,2,4,3,2,4,2,No,3,80,1,12,3,6,3
Male,Married,1231,179,79,6272,12858,16,2,5,4,2,1,7,No,3,80,1,10,3,4,3
Male,Divorced,1233,696,52,5220,10893,18,7,4,4,2,4,0,Yes,3,80,1,12,3,11,7
Female,Married,1234,116,77,2743,7331,20,13,3,2,1,2,1,No,4,80,1,2,2,2,2
Female,Single,1235,1316,38,4998,2338,14,2,2,3,2,3,4,Yes,3,80,0,10,2,8,7
Female,Divorced,1237,363,77,10252,4235,21,1,3,1,3,1,2,Yes,4,80,1,17,2,7,7
Male,Married,1238,117,60,2781,6311,13,9,3,3,1,4,0,No,3,80,1,15,5,14,10
Female,Divorced,1239,107,84,6852,11591,12,10,3,2,2,2,7,No,3,80,1,7,2,5,1
Male,Single,1240,1356,57,4950,20623,14,10,4,3,2,4,0,No,3,80,0,5,4,4,3
Male,Married,1241,1465,63,3579,9369,21,1,3,3,1,2,0,Yes,4,80,1,12,2,11,9
Female,Married,1242,458,60,13191,23281,17,26,5,3,3,1,3,Yes,3,80,0,20,6,1,0
Female,Married,1243,1212,78,10377,13755,11,8,2,2,3,4,4,Yes,3,80,1,16,6,13,2
Male,Married,1244,1103,42,2235,14377,14,14,3,3,1,1,1,Yes,3,80,2,9,3,9,7
Female,Divorced,1245,966,53,10502,9659,17,1,4,3,3,3,7,No,3,80,1,33,2,5,4
Female,Married,1246,1117,72,2011,19982,13,2,1,4,1,4,1,No,3,80,1,10,5,10,5
Female,Single,1248,504,96,1859,6148,25,10,3,2,1,2,1,Yes,4,80,0,1,2,1,1
Female,Divorced,1249,1010,97,3760,5598,15,1,3,3,1,4,1,No,3,80,3,3,5,3,2
Male,Married,1250,685,85,17779,23474,14,3,3,3,4,4,3,No,3,80,0,36,2,10,9
Male,Married,1251,1332,80,6833,17089,12,11,2,3,2,1,1,Yes,3,80,0,6,2,6,5
Female,Single,1252,1062,96,6812,17198,19,24,3,2,2,1,1,No,3,80,0,10,2,10,9
Female,Single,1254,326,48,5171,16490,17,3,3,2,2,4,5,No,3,80,0,13,2,6,1
Male,Married,1255,920,96,19740,18625,14,3,3,1,5,4,3,No,3,80,1,25,2,8,7
Male,Married,1256,1098,85,18711,12124,13,4,2,2,5,3,2,No,3,80,1,23,2,1,0
Male,Married,1257,469,46,3692,9256,12,3,3,3,1,2,1,No,3,80,0,12,2,11,10
Male,Single,1258,969,76,2559,16620,11,2,2,4,1,2,5,No,3,80,0,7,4,1,0
Male,Divorced,1259,1167,76,2517,3208,11,4,2,3,1,3,1,No,3,80,3,5,2,5,3
Male,Divorced,1260,1329,82,6623,4204,11,7,3,3,2,4,1,Yes,3,80,2,6,2,6,0
Male,Single,1263,715,76,18265,8733,12,1,3,2,5,4,6,No,3,80,0,25,3,1,0
Female,Divorced,1264,694,87,16124,3423,14,1,3,2,4,4,3,No,3,80,2,9,2,7,7
Female,Married,1265,1320,89,2585,21643,17,20,3,4,1,3,0,No,3,80,0,2,5,1,0
Male,Married,1267,1099,88,18213,8751,11,5,3,3,5,2,7,No,3,80,1,26,5,22,9
Male,Divorced,1268,536,82,8380,21708,14,10,5,4,3,3,0,Yes,3,80,2,10,3,9,8
Female,Single,1269,265,57,2994,21221,12,25,3,4,1,4,1,Yes,3,80,0,1,2,1,0
Male,Married,1270,373,47,1223,16901,22,1,2,3,1,3,1,No,4,80,1,1,2,1,0
Male,Single,1273,599,73,1118,8040,14,24,1,1,1,4,1,Yes,3,80,0,1,4,1,0
Male,Single,1275,583,53,2875,9973,20,4,2,3,1,4,1,Yes,4,80,0,8,2,8,5
Female,Single,1277,1449,94,18824,2493,16,2,3,1,5,2,2,Yes,3,80,0,26,2,24,10
Male,Divorced,1278,177,37,13577,25592,15,8,1,2,4,2,1,Yes,3,80,1,34,3,33,9
Female,Single,1279,251,45,2625,25308,20,10,2,2,1,3,1,No,4,80,0,2,2,2,2
Female,Married,1280,168,33,18789,9946,14,4,2,2,5,2,2,No,3,80,1,26,2,11,4
Female,Single,1281,131,86,4538,6039,12,2,3,3,2,1,0,Yes,3,80,0,4,3,3,2
Male,Divorced,1282,237,83,19847,19196,24,9,3,3,5,2,4,Yes,4,80,1,31,5,29,10
Male,Single,1283,1429,67,10512,20002,12,18,4,3,3,4,6,No,3,80,0,25,6,9,7
Female,Divorced,1285,135,46,4444,22534,13,19,3,3,2,2,4,No,3,80,2,15,2,11,8
Male,Single,1286,791,44,2154,6842,11,1,4,3,1,3,0,Yes,3,80,0,5,2,4,2
Male,Divorced,1288,1199,92,19190,17477,14,4,2,4,5,1,1,No,3,80,2,26,4,25,9
Male,Married,1289,648,56,4490,21833,11,11,3,2,2,2,4,No,3,80,2,14,5,10,9
Male,Married,1291,735,66,3506,6020,14,6,1,3,1,3,0,Yes,3,80,0,4,3,3,2
Female,Married,1292,603,78,2372,5628,16,7,4,4,2,2,6,Yes,3,80,0,18,2,1,0
Female,Single,1293,531,56,10231,20364,14,4,4,2,3,4,3,No,3,80,0,23,3,21,7
Female,Single,1294,429,53,5410,2323,11,2,4,3,2,2,9,Yes,3,80,0,18,2,16,14
Female,Married,1295,621,73,7978,14075,11,15,3,3,3,4,1,No,3,80,1,10,2,10,7
Male,Married,1296,193,52,3867,14222,12,2,3,2,1,4,1,Yes,3,80,1,2,2,2,2
Female,Single,1297,968,40,2838,4257,14,6,2,2,1,3,0,No,3,80,0,8,6,7,0
Female,Single,1298,879,72,4695,12858,18,9,2,3,2,3,7,Yes,3,80,0,10,3,8,4
Female,Divorced,1299,806,39,3339,17285,13,7,3,3,1,3,3,Yes,3,80,2,10,2,7,7
Male,Single,1301,640,84,2080,4732,11,1,3,3,1,1,2,No,3,80,0,5,2,3,2
Female,Single,1303,266,40,2096,18830,18,1,3,3,1,2,1,No,3,80,0,2,3,2,2
Male,Married,1304,604,56,6209,11693,15,8,3,4,2,4,1,No,3,80,2,10,4,10,7
Female,Single,1306,364,83,18061,13035,22,25,3,3,5,2,3,No,4,80,0,22,4,0,0
Female,Divorced,1307,412,94,17123,17334,13,13,4,2,4,2,6,Yes,3,80,2,21,4,19,9
Male,Divorced,1308,848,88,2372,26076,12,23,4,3,1,3,1,No,3,80,2,2,3,2,2
Male,Married,1309,1089,79,4883,22845,18,7,2,3,2,3,1,No,3,80,1,10,3,10,4
Male,Single,1310,360,93,3904,22154,13,23,3,3,1,1,0,No,3,80,0,6,2,5,2
Female,Married,1311,1138,48,4627,23631,12,6,3,2,2,4,0,No,3,80,1,10,6,9,2
Female,Married,1312,325,63,7094,5747,12,10,4,3,3,3,3,No,3,80,0,10,0,7,7
Female,Single,1314,991,44,3423,22957,12,1,2,3,1,1,6,No,3,80,0,10,3,7,6
Female,Married,1315,1476,55,6674,16392,11,1,3,1,2,4,0,No,3,80,3,10,6,9,8
Female,Married,1317,1322,43,16880,22422,11,28,3,3,4,1,4,Yes,3,80,0,25,2,3,2
Male,Single,1318,299,57,9094,17235,12,25,4,2,3,2,2,Yes,3,80,0,9,2,5,4
Male,Single,1319,1030,64,8446,21534,19,5,3,3,3,2,9,Yes,3,80,0,10,2,8,7
Female,Married,1321,634,95,11916,25927,23,17,4,3,3,1,1,Yes,4,80,2,9,2,9,1
Male,Single,1322,524,32,4534,13352,11,18,2,3,2,3,0,No,3,80,0,9,6,8,7
Female,Divorced,1324,587,57,9852,8935,19,2,4,3,3,3,1,Yes,3,80,1,10,5,10,8
Male,Single,1329,256,40,6151,22074,13,10,2,1,2,2,1,No,3,80,0,19,4,19,2
Female,Single,1331,1060,54,2302,8319,11,1,3,3,1,2,1,Yes,3,80,0,3,2,3,2
Male,Married,1333,935,89,2362,14669,12,3,3,3,1,1,4,No,3,80,0,10,4,3,2
Male,Married,1334,495,37,17861,26582,13,2,1,3,4,3,0,Yes,3,80,0,21,3,20,8
Female,Married,1336,282,58,19187,6992,14,2,2,1,5,3,4,No,3,80,1,23,5,19,9
Male,Single,1338,206,99,19717,4022,14,8,4,3,5,2,6,No,3,80,0,36,4,7,3
Male,Divorced,1340,458,74,3544,8532,16,16,2,3,1,3,9,No,3,80,1,6,0,4,2
Male,Divorced,1344,943,86,8500,5494,11,9,3,3,3,4,0,No,3,80,1,10,0,9,7
Male,Single,1346,523,98,4661,22455,13,2,3,3,2,4,1,No,3,80,0,9,4,9,8
Female,Divorced,1349,1018,66,4103,4297,17,1,3,3,2,1,0,No,3,80,1,10,2,9,3
Male,Single,1350,482,87,4249,2690,11,4,4,3,2,3,1,Yes,3,80,0,9,3,9,6
Male,Divorced,1352,770,84,14026,17588,11,5,3,3,4,2,1,Yes,3,80,1,33,2,33,9
Female,Divorced,1355,1009,31,6893,19461,15,2,2,3,2,1,3,No,3,80,1,11,3,7,7
Female,Single,1356,507,66,6125,23553,12,15,2,3,2,1,1,No,3,80,0,10,6,10,8
Male,Married,1358,882,67,3669,9075,11,19,1,3,1,4,3,No,3,80,3,7,6,3,2
Female,Married,1360,601,53,10008,12023,14,7,4,2,3,1,7,Yes,3,80,0,31,0,10,9
Male,Married,1361,329,88,2387,6762,22,1,4,3,1,2,3,No,4,80,1,7,3,4,2
Female,Married,1362,607,83,4639,2261,16,7,3,4,2,1,2,No,3,80,1,17,2,15,7
Male,Single,1363,855,54,7898,18706,11,4,3,3,3,4,1,No,3,80,0,11,2,10,9
Female,Married,1364,1291,98,2534,6527,14,11,3,4,1,4,8,No,3,80,1,5,4,1,0
Female,Single,1367,1405,82,13142,24439,16,11,2,2,4,2,3,No,3,80,0,29,1,5,2
Female,Single,1368,1124,97,1611,19305,15,1,3,3,1,4,1,No,3,80,0,0,5,0,0
Female,Married,1369,817,60,5363,10846,12,1,3,2,2,4,0,No,3,80,1,10,0,9,7
Male,Single,1371,793,43,5071,20392,20,2,1,1,2,4,3,No,4,80,0,8,3,6,2
Male,Single,1372,267,85,13695,9277,17,13,4,4,4,3,6,Yes,3,80,0,24,2,19,7
Male,Married,1373,1369,68,13402,18235,12,23,3,3,4,2,4,Yes,3,80,1,33,0,19,16
Female,Divorced,1374,999,92,2029,15891,20,26,1,2,1,3,1,No,4,80,3,5,2,5,4
Female,Divorced,1375,1202,89,6377,13888,20,2,1,4,2,3,5,No,4,80,3,15,0,12,11
Male,Married,1377,285,86,5429,17491,13,29,3,3,2,3,4,No,3,80,2,10,1,8,7
Female,Single,1379,703,90,2785,11882,14,2,3,2,1,4,7,No,3,80,0,3,3,1,0
Female,Married,1380,662,67,4614,23288,18,18,4,3,2,3,0,Yes,3,80,1,5,0,4,2
Male,Divorced,1382,693,57,2610,15748,11,7,3,4,1,3,1,No,3,80,3,4,2,4,2
Female,Single,1383,404,98,6687,6163,11,2,4,3,2,4,1,No,3,80,0,14,2,14,11
Male,Married,1387,736,48,4724,24232,11,26,3,2,2,1,1,No,3,80,1,5,0,5,3
Male,Married,1389,330,98,6179,21057,15,22,4,3,2,3,1,Yes,3,80,2,10,3,10,2
Male,Married,1390,1498,44,6120,3567,12,21,4,2,2,4,3,Yes,3,80,2,8,2,5,4
Male,Married,1391,541,52,10596,15395,11,2,3,3,3,2,2,No,3,80,0,14,5,4,2
Female,Divorced,1392,1200,75,5467,13953,14,22,3,3,2,4,3,Yes,3,80,2,12,4,6,2
Male,Married,1394,1439,54,2996,5182,15,4,1,3,1,3,7,Yes,3,80,0,8,2,6,4
Male,Married,1395,1111,61,9998,19293,13,5,1,3,2,4,6,No,3,80,0,8,2,5,4
Male,Married,1396,499,36,4078,20497,13,2,1,3,2,2,0,Yes,3,80,3,4,3,3,2
Male,Married,1397,1485,71,10920,3449,21,25,2,3,3,3,3,No,4,80,1,13,2,6,4
Male,Married,1399,1372,93,6232,12477,11,18,1,4,2,3,2,No,3,80,0,6,3,3,2
Female,Married,1401,322,59,13247,9731,11,28,2,4,4,3,2,Yes,3,80,1,24,3,5,3
Female,Single,1402,930,73,4081,20003,14,6,3,2,2,3,1,Yes,3,80,0,20,3,20,7
Female,Married,1403,205,98,5769,7100,11,10,3,2,2,4,1,Yes,3,80,0,6,3,6,2
Female,Single,1405,135,51,2394,25681,13,17,4,3,1,3,1,Yes,3,80,0,8,2,8,2
Male,Single,1407,683,36,3904,4050,12,2,1,2,1,4,0,No,3,80,0,5,2,4,3
Female,Married,1408,1147,31,16799,16616,14,10,3,3,4,1,0,No,3,80,1,21,5,20,7
Female,Married,1409,258,54,2950,17363,13,8,4,3,1,1,9,No,3,80,0,12,2,5,4
Female,Single,1411,1462,94,3629,19106,18,11,3,3,1,3,4,No,3,80,0,8,6,3,2
Male,Single,1412,200,60,9362,19944,11,18,2,3,3,4,2,No,3,80,0,10,2,2,2
Male,Married,1415,949,81,3229,4910,11,1,3,3,1,4,4,No,3,80,1,7,2,3,2
Male,Single,1417,652,100,3578,23577,12,7,3,4,1,1,0,No,3,80,0,8,2,7,7
Male,Single,1419,332,51,7988,9769,13,17,3,2,3,1,1,No,3,80,0,10,3,10,9
Male,Single,1420,1475,97,4284,22710,20,28,2,2,2,1,3,No,4,80,0,20,2,4,3
Female,Single,1421,337,84,7553,22930,12,14,1,3,3,4,0,Yes,3,80,0,9,1,8,7
Female,Single,1422,971,54,17328,5652,19,1,3,3,4,4,6,No,3,80,0,29,3,20,7
Female,Married,1423,1055,76,19701,22456,21,1,3,3,5,1,3,Yes,4,80,1,32,3,9,8
Male,Divorced,1424,1136,81,14732,12414,13,1,4,4,4,4,2,No,3,80,2,31,4,7,7
Female,Single,1425,1174,99,9278,20763,16,3,4,3,2,2,3,Yes,3,80,0,15,3,5,4
Female,Single,1427,667,50,1359,16154,12,1,4,1,1,3,1,No,3,80,0,1,3,1,0
Female,Divorced,1428,855,73,4779,12761,14,7,4,3,2,1,7,No,3,80,2,8,3,3,2
Female,Single,1430,182,93,16422,8847,11,8,5,3,4,2,3,No,3,80,0,9,3,3,2
Male,Divorced,1431,560,91,2996,20284,14,1,4,3,1,1,5,No,3,80,2,10,2,4,3
Female,Single,1433,202,34,1261,22262,12,8,3,2,1,2,1,No,3,80,0,1,3,1,0
Male,Married,1434,1377,91,2099,7679,14,11,1,3,1,1,0,No,3,80,0,6,3,5,0
Male,Single,1435,172,37,5810,22604,16,4,4,2,2,4,1,No,3,80,0,10,2,10,4
Female,Married,1436,329,98,5647,13494,13,16,4,2,2,1,4,No,3,80,2,11,3,3,2
Male,Married,1438,465,74,3420,10205,12,1,3,3,1,4,7,No,3,80,1,17,2,6,5
Male,Married,1439,383,68,4400,15182,12,9,2,2,1,1,3,No,3,80,0,6,2,3,2
Male,Single,1440,1413,84,3500,25470,14,5,2,4,1,3,0,No,3,80,0,7,2,6,5
Female,Married,1441,1255,90,2066,10494,22,1,2,3,1,1,2,No,4,80,1,5,3,3,2
Female,Married,1443,359,82,17169,26703,19,2,4,3,4,3,3,No,3,80,2,26,2,20,17
Female,Married,1445,1476,42,4162,15211,12,4,1,3,2,3,1,Yes,3,80,2,5,3,5,4
Male,Married,1446,601,97,9204,23343,12,7,5,3,2,4,4,No,3,80,1,7,3,4,3
Female,Married,1447,401,86,3294,3708,17,1,3,2,1,2,5,No,3,80,1,7,2,5,4
Male,Married,1448,1283,90,2127,5561,12,5,5,4,1,3,2,Yes,3,80,0,7,5,4,2
Male,Divorced,1449,663,81,3975,23099,11,9,4,3,2,3,3,No,3,80,2,11,2,8,7
Male,Divorced,1453,326,31,10793,8386,18,8,2,3,3,4,1,No,3,80,1,13,5,13,7
Male,Divorced,1457,377,52,10096,15986,11,9,3,3,3,4,4,No,3,80,1,28,1,7,7
Female,Single,1458,592,54,3646,17181,23,2,3,2,1,1,2,Yes,4,80,0,11,2,1,0
Female,Single,1459,1445,100,7446,8931,11,1,5,4,3,2,1,No,3,80,0,10,2,10,8
Male,Divorced,1460,1038,95,10851,19863,18,20,3,1,3,1,2,Yes,3,80,1,24,2,7,7
Female,Single,1461,1398,96,2109,24609,18,8,2,4,1,2,9,No,3,80,0,8,3,3,2
Male,Married,1464,523,94,3722,21081,13,2,3,3,1,4,6,Yes,3,80,1,7,2,2,2
Male,Married,1465,1448,55,9380,14720,18,29,3,3,3,4,4,Yes,3,80,2,10,4,3,1
Male,Divorced,1466,1221,96,5486,24795,11,7,3,3,2,1,4,No,3,80,3,15,3,2,2
Female,Married,1467,1107,52,2742,3072,15,9,4,3,1,3,1,No,3,80,0,2,0,2,2
Male,Divorced,1468,218,55,13757,25178,11,8,1,2,3,2,2,No,3,80,1,16,5,9,8
Male,Single,1469,866,84,8463,23490,18,5,3,3,2,1,0,No,3,80,0,6,4,5,4
Male,Single,1471,981,90,3162,7973,14,5,3,2,1,3,3,No,3,80,0,7,5,5,2
Male,Single,1472,447,39,16598,19764,12,2,3,4,4,2,4,No,3,80,0,35,2,9,8
Male,Married,1473,1495,96,6651,21534,14,5,4,3,2,3,2,No,3,80,1,20,0,3,2
Male,Divorced,1474,896,68,2345,8045,14,2,3,3,1,3,2,No,3,80,1,8,3,3,1
Male,Single,1475,1467,49,3420,21158,13,20,3,3,1,2,1,No,3,80,0,6,3,5,2
Male,Married,1477,430,54,4373,17456,14,7,3,3,2,1,0,No,3,80,2,5,2,4,3
Male,Single,1478,1326,81,4759,15891,18,3,3,1,2,1,3,No,3,80,0,15,2,13,9
Male,Married,1479,1358,96,5301,2939,15,16,1,3,2,3,8,No,3,80,2,4,2,2,1
Female,Single,1480,748,74,3673,16458,13,9,2,3,1,4,1,No,3,80,0,12,3,12,9
Female,Married,1481,383,79,4768,9282,12,1,5,3,2,3,7,No,3,80,1,11,4,1,0
Male,Divorced,1482,990,64,1274,7152,13,7,3,3,1,3,1,No,3,80,2,1,2,1,0
Male,Married,1483,405,93,4900,2721,24,1,2,4,2,3,0,No,4,80,1,13,2,12,9
Male,Divorced,1484,1490,35,10466,20948,14,7,4,3,3,2,3,No,3,80,2,29,3,8,7
Male,Divorced,1485,829,71,17007,11929,14,15,3,3,4,1,7,No,3,80,2,16,3,14,8
Male,Married,1486,1496,92,2909,15747,15,1,3,3,1,3,3,No,3,80,1,5,3,3,2
Female,Single,1487,115,51,5765,17485,11,13,3,3,2,2,5,No,3,80,0,7,4,5,3
Female,Single,1489,790,40,4599,7815,23,24,4,2,2,2,0,Yes,4,80,0,16,2,15,9
Male,Married,1492,660,76,2404,16192,13,7,1,3,1,3,1,No,3,80,1,1,3,1,0
Male,Single,1494,381,89,3172,16998,11,9,3,3,1,1,2,Yes,3,80,0,4,2,0,0
Female,Married,1495,830,78,2033,7103,13,13,2,3,1,2,1,No,3,80,1,1,2,1,0
Male,Single,1496,1193,86,10209,19719,18,2,1,3,3,3,5,Yes,3,80,0,16,2,2,2
Male,Divorced,1497,1246,77,8620,23757,14,19,3,2,2,3,1,No,3,80,2,10,3,10,7
Male,Divorced,1499,330,46,2064,15428,21,1,3,3,1,3,0,No,4,80,1,6,3,5,3
Male,Married,1501,1229,30,4035,16143,16,4,4,3,2,3,0,Yes,3,80,0,4,2,3,2
Female,Married,1502,1099,82,3838,8192,11,4,4,2,1,2,8,No,3,80,0,8,5,5,4
Female,Married,1503,571,78,4591,24200,17,14,3,3,2,3,3,Yes,3,80,1,11,4,5,4
Male,Single,1504,289,38,2561,5355,11,2,2,2,1,1,7,No,3,80,0,8,2,0,0
Male,Divorced,1506,1423,72,1563,12530,14,1,3,2,1,3,1,No,3,80,1,1,2,1,0
Male,Single,1507,467,55,4898,11827,14,7,3,3,2,1,0,No,3,80,0,5,5,4,2
Female,Married,1509,271,43,4789,23070,25,3,2,2,2,1,4,No,4,80,1,10,3,3,2
Female,Married,1513,410,97,3180,4668,13,2,1,3,1,2,0,No,3,80,3,4,3,3,2
Male,Married,1514,1083,96,6549,3173,14,29,1,1,2,2,1,No,3,80,2,8,2,8,6
Male,Single,1515,516,69,6388,22049,17,8,5,3,2,3,2,Yes,3,80,0,14,6,0,0
Male,Single,1516,495,64,11244,21072,25,10,3,3,3,4,2,No,4,80,0,10,5,5,2
Female,Divorced,1520,1050,87,16032,24456,20,11,4,3,4,4,3,No,4,80,1,26,2,14,9
Male,Single,1522,224,100,2362,7568,13,1,4,2,1,1,6,No,3,80,0,11,2,9,7
Male,Married,1523,136,32,16328,22074,13,28,3,3,4,1,3,No,3,80,1,24,1,20,6
Female,Single,1525,1089,32,8376,9150,18,6,3,3,3,2,4,No,3,80,0,9,3,2,0
Female,Married,1527,228,51,16606,11380,12,3,3,3,4,2,8,No,3,80,1,23,2,13,12
Female,Single,1529,1029,91,8606,21195,19,16,3,2,3,2,1,No,3,80,0,11,3,11,8
Male,Single,1533,507,97,2272,24812,14,20,1,3,2,3,0,No,3,80,0,5,2,4,3
Male,Single,1534,676,86,2018,21831,14,9,4,3,1,1,3,No,3,80,0,15,3,5,4
Male,Married,1535,971,64,7083,12288,14,1,3,2,3,3,1,Yes,3,80,0,10,3,10,9
Female,Single,1537,561,33,4084,4156,12,3,3,3,1,3,1,No,3,80,0,7,2,7,2
Male,Single,1539,333,88,14411,24450,13,22,5,1,4,4,1,Yes,3,80,0,32,2,32,6
Male,Married,1541,1440,55,2308,4944,25,7,2,3,1,3,0,Yes,4,80,1,12,4,11,10
Male,Married,1542,1210,68,4841,24052,14,2,3,2,1,2,4,No,3,80,1,4,3,1,0
Male,Married,1543,674,47,4285,3031,17,13,3,3,2,4,1,No,3,80,0,10,2,10,8
Female,Married,1544,441,39,9715,7288,13,8,1,1,2,1,3,No,3,80,1,9,3,7,7
Male,Single,1545,575,44,4320,24152,13,25,3,2,2,2,1,No,3,80,0,5,2,5,3
Male,Married,1546,950,97,2132,4585,20,28,3,3,1,4,4,No,4,80,1,8,3,5,4
Male,Married,1547,288,40,10124,18611,14,2,3,3,3,4,2,Yes,3,80,1,24,3,20,8
Male,Married,1548,1342,47,5473,19345,12,9,2,3,2,1,0,No,3,80,0,9,5,8,4
Male,Married,1549,589,79,5207,22949,12,28,4,3,2,3,1,Yes,3,80,1,15,3,15,14
Male,Single,1550,898,38,16437,17381,21,6,2,3,4,4,1,Yes,4,80,0,21,2,21,7
Male,Divorced,1551,350,57,2296,10036,14,21,2,2,1,1,0,No,3,80,3,2,3,1,1
Male,Divorced,1552,1142,72,4069,8841,18,8,2,3,2,4,3,Yes,3,80,0,8,2,2,2
Male,Divorced,1553,538,66,7441,20933,12,1,4,3,3,2,1,No,3,80,3,10,4,10,8
Female,Married,1554,1402,98,2430,26204,23,28,4,2,1,3,0,No,4,80,2,6,5,5,3
Female,Married,1555,824,67,5878,15624,12,5,2,2,2,2,3,No,3,80,1,12,2,7,1
Male,Single,1556,1157,70,2644,17001,21,2,4,3,1,4,3,Yes,4,80,0,7,3,3,2
Female,Divorced,1557,492,96,6439,13693,14,16,4,3,2,3,8,No,3,80,1,18,2,8,7
Male,Married,1558,598,91,2451,22376,18,9,3,4,1,3,6,No,3,80,2,5,2,1,0
Male,Married,1560,1242,46,6392,10589,13,8,4,3,2,1,2,No,3,80,1,8,6,2,2
Male,Married,1562,740,64,9714,5323,11,1,3,2,2,1,1,No,3,80,1,10,4,10,8
Male,Married,1563,888,71,6077,14814,11,10,4,3,2,3,3,No,3,80,0,10,2,6,3
Male,Single,1564,992,68,2450,21731,19,1,3,2,1,1,1,No,3,80,0,3,3,3,0
Male,Married,1568,1288,33,9250,17799,12,29,4,3,3,2,3,No,3,80,1,9,3,4,2
Female,Divorced,1569,104,69,2074,26619,12,2,3,3,1,1,1,Yes,3,80,1,1,2,1,0
Female,Married,1572,607,78,10169,14618,16,2,5,2,3,4,0,No,3,80,1,34,4,33,7
Male,Married,1573,903,81,4855,7653,11,2,3,3,2,2,4,No,3,80,2,7,2,5,2
Male,Married,1574,1200,62,4087,25174,14,1,4,3,2,1,4,No,3,80,1,9,3,6,5
Female,Married,1576,1108,65,2367,16530,12,15,4,3,1,1,8,No,3,80,1,10,3,8,2
Male,Single,1577,479,35,2972,22061,13,7,4,3,1,4,1,No,3,80,0,1,4,1,0
Male,Married,1578,685,60,19586,23037,21,26,5,2,5,4,1,No,4,80,1,36,3,36,6
Male,Married,1580,1351,45,5484,13008,17,1,4,3,2,4,9,No,3,80,1,9,3,2,2
Female,Married,1581,474,89,2061,11133,21,3,3,3,1,4,1,No,4,80,0,1,5,1,0
Male,Married,1582,1245,80,9924,12355,11,14,3,3,2,2,0,No,3,80,1,10,3,9,8
Female,Single,1583,437,90,4198,16379,12,16,3,3,2,2,2,No,3,80,0,8,5,3,2
Female,Single,1585,884,73,6815,21447,13,1,4,3,2,3,6,No,3,80,0,15,5,1,0
Male,Single,1586,1370,87,4723,16213,18,3,1,3,1,1,1,Yes,3,80,0,10,3,10,9
Female,Single,1587,670,51,6142,4223,16,10,4,3,2,3,3,Yes,3,80,0,10,4,5,2
Male,Married,1588,1462,38,8237,4658,11,6,3,4,3,3,2,No,3,80,1,11,3,7,6
Male,Divorced,1590,995,87,8853,24483,19,2,1,3,2,4,1,No,3,80,1,6,0,6,4
Male,Married,1591,264,59,19331,19519,16,9,3,3,5,3,4,Yes,3,80,1,27,2,1,0
Male,Married,1592,977,45,2073,12826,16,10,3,4,1,3,2,No,3,80,1,4,2,2,2
Male,Married,1594,1302,80,5562,19711,13,6,4,4,2,1,3,Yes,3,80,1,9,3,3,2
Male,Single,1595,1059,93,19613,26362,22,9,2,2,5,4,8,No,4,80,0,24,2,1,0
Male,Married,1596,750,46,3407,25348,17,28,3,4,2,3,1,No,3,80,2,10,3,10,9
Male,Married,1597,653,92,5063,15332,14,10,4,2,2,3,1,No,3,80,1,8,3,8,2
Female,Married,1598,118,84,4639,11262,15,14,2,3,2,1,1,No,3,80,1,5,2,5,4
Male,Divorced,1599,990,87,4876,5855,12,27,3,4,1,2,5,No,3,80,1,8,0,6,4
Male,Married,1601,1349,63,2690,7713,18,7,2,2,1,4,1,No,3,80,1,1,5,1,0
Male,Single,1602,563,56,17567,3156,15,1,4,4,4,1,1,No,3,80,0,27,5,26,0
Male,Married,1604,329,51,2408,7324,17,24,3,3,1,2,1,Yes,3,80,3,1,3,1,1
Female,Married,1605,457,85,2814,10293,14,26,2,2,1,3,1,Yes,3,80,0,4,2,4,2
Male,Married,1606,1234,41,11245,20689,15,20,5,3,4,3,2,Yes,3,80,1,32,3,30,8
Female,Married,1607,634,35,3312,18783,17,5,4,4,1,4,3,No,3,80,2,6,3,3,2
Female,Divorced,1608,1313,31,19049,3549,14,7,3,3,5,4,0,Yes,3,80,1,23,4,22,7
Male,Married,1609,241,48,2141,5348,12,7,3,2,1,2,1,No,3,80,1,6,3,6,4
Female,Single,1611,1015,50,5769,23447,14,5,5,1,2,1,1,Yes,3,80,0,10,3,10,7
Male,Married,1612,336,52,4385,24162,15,26,3,2,2,1,1,No,3,80,1,10,2,10,7
Male,Single,1613,715,54,5332,21602,13,2,4,3,2,1,7,No,3,80,0,10,3,5,2
Female,Married,1614,559,76,4663,12421,12,12,4,3,2,3,9,Yes,3,80,2,7,2,3,2
Male,Divorced,1615,426,42,4724,17000,13,10,4,4,2,4,1,No,3,80,1,9,3,9,7
Female,Married,1617,722,84,3211,22102,14,25,4,3,1,1,1,No,3,80,1,10,3,9,6
Male,Married,1618,1387,76,5377,3835,13,10,5,3,2,1,2,No,3,80,3,10,3,7,7
Male,Divorced,1619,1302,67,4066,16290,11,19,3,2,1,1,1,No,3,80,2,7,3,7,7
Male,Married,1621,819,48,5208,26312,11,18,5,4,2,1,1,No,3,80,0,16,2,16,15
Female,Divorced,1622,580,39,4877,20460,21,27,3,1,2,1,0,No,4,80,1,6,5,5,3
Male,Single,1623,546,97,3117,26009,18,5,1,3,1,4,1,No,3,80,0,3,2,2,2
Female,Single,1624,544,70,1569,18420,12,3,2,3,1,4,1,Yes,3,80,0,0,2,0,0
Female,Married,1625,1176,98,19658,5220,11,26,4,3,5,3,3,No,3,80,1,27,2,5,2
Male,Divorced,1627,170,76,3069,10302,15,3,2,2,2,3,0,No,3,80,1,11,3,10,8
Female,Married,1628,884,80,10435,25800,13,15,3,2,3,3,1,No,3,80,2,18,2,18,15
Female,Married,1630,208,52,4148,12250,12,8,4,3,2,3,1,No,3,80,1,15,5,14,11
Male,Married,1631,671,85,5768,26493,17,19,3,3,2,3,3,No,3,80,3,9,2,4,3
Female,Single,1633,711,81,5042,3140,13,4,3,3,2,3,0,No,3,80,0,10,2,9,2
Female,Divorced,1635,1329,59,5770,5388,19,2,2,2,2,4,1,No,3,80,2,10,3,10,7
Female,Married,1638,397,54,7756,14199,19,2,2,2,3,3,3,Yes,3,80,1,10,6,5,4
Male,Married,1639,737,55,10306,21530,17,10,3,2,3,1,9,No,3,80,0,15,3,13,12
Female,Married,1640,1470,71,3936,9953,11,10,3,3,1,2,1,No,3,80,1,8,2,8,4
Female,Single,1641,448,84,7945,19948,15,16,3,3,3,4,6,Yes,3,80,0,18,2,4,2
Male,Married,1642,602,37,5743,10503,11,1,5,3,2,4,4,Yes,3,80,0,14,3,10,7
Male,Married,1644,365,89,15202,5602,25,4,5,2,4,4,2,No,4,80,1,23,3,2,2
Male,Divorced,1645,763,59,5440,22098,14,15,2,1,2,4,6,Yes,3,80,2,7,2,2,2
Female,Single,1646,567,32,3760,17218,13,2,1,3,1,4,1,Yes,3,80,0,6,2,6,3
Female,Married,1647,486,86,3517,22490,17,8,3,4,1,3,7,No,3,80,0,5,0,3,2
Male,Single,1648,591,87,2580,6297,13,2,3,3,1,4,2,No,3,80,0,6,0,4,2
Male,Single,1649,1329,73,2166,3339,14,7,3,3,1,1,3,Yes,3,80,0,10,3,4,2
Male,Single,1650,469,42,5869,23413,11,10,3,2,2,3,9,No,3,80,0,8,2,5,2
Female,Married,1651,711,42,8008,22792,12,5,4,3,3,1,4,No,3,80,2,9,6,3,2
Male,Divorced,1653,772,77,5206,4973,17,2,1,4,2,3,1,No,3,80,2,7,6,7,7
Male,Married,1654,492,66,5295,7693,21,12,3,3,2,2,4,No,4,80,0,7,3,5,4
Female,Married,1655,301,72,16413,3498,16,22,4,3,4,2,3,No,3,80,2,27,2,4,2
Female,Divorced,1656,813,50,13269,21981,15,17,5,2,3,1,5,No,3,80,3,19,3,14,11
Female,Single,1657,1141,31,2783,13251,19,2,3,3,1,3,1,No,3,80,0,2,3,2,2
Female,Divorced,1658,1130,66,5433,19332,12,3,3,3,2,2,1,No,3,80,1,11,2,11,8
Male,Single,1659,311,77,2013,10950,11,7,3,3,1,2,2,No,3,80,0,15,4,4,3
Female,Married,1661,465,41,13966,11652,19,6,1,2,4,3,2,Yes,3,80,1,30,3,15,11
Female,Married,1662,894,33,4374,15411,15,1,4,2,2,3,0,No,3,80,0,4,6,3,2
Male,Divorced,1664,1040,79,6842,26308,20,3,2,4,2,1,6,No,4,80,1,13,3,5,4
Female,Married,1665,584,91,17426,18685,25,22,5,3,4,3,3,No,4,80,1,36,6,10,8
Male,Married,1666,1291,65,17603,3525,24,15,2,2,4,3,1,No,4,80,1,14,3,14,10
Male,Single,1667,880,36,4581,10414,24,12,4,3,2,4,3,Yes,4,80,0,13,2,11,9
Male,Married,1668,1189,90,4735,9867,15,1,3,3,2,4,7,No,3,80,2,19,4,13,11
Male,Divorced,1669,991,43,4187,3356,13,5,3,2,2,2,1,Yes,3,80,1,10,3,10,0
Male,Divorced,1670,392,93,5505,3921,14,2,4,3,2,4,1,No,3,80,2,6,5,6,2
Male,Divorced,1671,977,45,5470,25518,13,2,3,3,2,2,0,No,3,80,2,10,4,9,5
Female,Married,1673,1112,67,5476,22589,11,5,4,3,2,4,1,No,3,80,2,10,2,10,0
Female,Divorced,1674,464,74,2587,24941,16,16,3,3,1,1,4,Yes,3,80,1,17,2,2,2
Female,Single,1675,148,42,2440,23826,22,2,3,2,1,2,1,No,4,80,0,4,3,4,3
Female,Divorced,1676,1225,47,15972,21086,14,2,4,4,4,2,6,No,3,80,3,29,2,3,2
Male,Single,1677,809,36,15379,22384,14,1,3,3,4,3,4,No,3,80,0,23,2,8,7
Male,Single,1678,1206,80,7082,11591,16,23,2,3,3,3,3,Yes,3,80,0,21,2,2,0
Male,Single,1680,727,54,2728,21082,11,9,1,3,1,1,1,No,3,80,0,2,3,2,2
Female,Divorced,1681,530,36,5368,16130,25,16,3,3,2,4,1,Yes,4,80,1,7,2,6,5
Male,Married,1682,1351,80,5347,7419,14,26,4,3,2,3,6,No,3,80,2,10,2,3,2
Female,Divorced,1683,528,44,3195,4167,18,1,3,3,1,4,4,Yes,3,80,3,8,2,2,2
Male,Single,1684,1320,93,3989,20586,11,8,1,2,1,3,1,Yes,3,80,0,5,2,5,4
Female,Married,1687,1495,87,3306,26176,19,4,2,3,1,3,7,No,3,80,1,7,5,0,0
Male,Married,1689,1395,48,7005,3458,15,24,4,4,3,4,3,No,3,80,0,11,2,4,3
Female,Married,1691,708,95,2655,11740,11,7,2,3,1,3,2,Yes,3,80,2,19,3,9,7
Male,Single,1692,1259,95,1393,24852,12,2,4,3,1,2,1,No,3,80,0,1,2,1,0
Male,Single,1693,786,76,2570,11925,20,7,3,3,1,4,1,No,4,80,0,7,5,7,7
Male,Divorced,1694,1441,94,3537,23737,12,22,3,2,1,2,5,No,3,80,1,8,1,4,2
Male,Married,1696,1157,57,3986,11912,14,5,2,2,2,4,1,No,3,80,1,15,3,15,10
Male,Divorced,1697,370,92,10883,20467,20,1,4,1,3,4,3,No,4,80,1,19,2,1,0
Male,Married,1698,267,79,2028,13637,18,21,3,4,1,2,1,No,3,80,3,14,6,14,11
Male,Divorced,1700,1278,31,9525,7677,14,1,4,1,2,4,1,No,3,80,2,6,2,6,3
Female,Married,1701,678,35,2929,20338,12,19,3,2,1,4,1,No,3,80,0,10,3,10,9
Male,Divorced,1702,427,99,2275,25103,21,7,3,3,1,4,1,Yes,4,80,1,3,2,3,2
Female,Married,1703,921,96,7879,14810,19,2,3,4,3,4,1,Yes,3,80,1,9,2,8,7
Male,Single,1704,146,79,4930,13970,14,2,4,2,1,4,0,Yes,3,80,0,6,2,5,4
Male,Married,1706,1179,73,7847,6069,17,2,3,3,2,4,1,Yes,3,80,1,10,3,10,9
Male,Married,1707,581,62,4401,17616,16,9,3,4,1,3,1,No,3,80,1,5,1,5,3
Male,Single,1708,918,35,9241,15869,12,6,3,3,3,3,1,No,3,80,0,10,3,10,8
Female,Married,1709,1082,43,2974,25412,17,9,4,3,1,3,9,No,3,80,1,9,2,5,3
Female,Single,1710,530,51,4502,7439,15,2,4,3,2,4,3,No,3,80,0,17,2,13,7
Male,Married,1712,1238,74,10748,3395,23,1,1,2,3,3,3,No,4,80,1,25,3,23,15
Male,Married,1714,240,58,1555,11585,11,22,1,1,1,3,1,No,3,80,1,1,2,1,0
Male,Married,1716,1093,82,12936,24164,11,9,3,1,4,3,7,No,3,80,0,25,3,23,5
Male,Married,1718,390,62,2305,6217,15,17,4,1,1,3,1,No,3,80,3,3,3,3,2
Female,Single,1719,1005,48,16704,17119,11,28,2,2,4,2,1,No,3,80,0,21,2,21,6
Male,Married,1720,585,56,3433,17360,13,10,3,3,1,3,6,No,3,80,1,10,3,5,2
Male,Married,1721,741,69,3477,18103,14,2,4,3,1,3,1,No,3,80,1,6,2,5,2
Male,Married,1722,552,60,6430,20794,19,4,3,1,2,2,6,No,3,80,1,10,4,3,2
Female,Married,1724,369,92,6516,5041,16,8,2,3,2,1,2,Yes,3,80,1,18,3,1,0
Male,Divorced,1725,506,91,3907,3622,13,29,1,3,1,1,1,No,3,80,3,6,2,6,2
Male,Single,1727,717,34,5562,9697,14,13,4,3,2,2,6,No,3,80,0,19,3,10,7
Male,Married,1728,1370,49,6883,5151,16,27,4,3,2,3,2,No,3,80,1,17,3,7,7
Male,Married,1729,793,33,2862,3811,12,16,1,3,1,4,1,No,3,80,1,10,2,10,0
Male,Married,1731,543,87,4978,3536,11,2,4,3,2,2,7,No,3,80,1,4,3,1,0
Male,Divorced,1732,1277,74,10368,5596,12,2,3,3,3,4,4,Yes,3,80,1,13,5,10,6
Male,Divorced,1733,1456,96,6134,8658,13,13,5,2,2,1,5,Yes,3,80,3,16,3,2,2
Male,Single,1734,964,34,6735,12147,15,1,2,1,2,2,6,No,3,80,0,10,2,0,0
Female,Single,1735,160,51,3295,12862,13,4,1,3,1,2,1,No,3,80,0,3,3,3,2
Female,Single,1736,163,30,5238,6670,20,24,1,3,2,4,2,No,4,80,0,9,3,5,4
Male,Married,1737,792,77,6472,8989,15,1,3,3,2,4,1,Yes,3,80,1,9,2,9,8
Male,Married,1739,371,80,9610,3840,13,19,3,1,3,3,3,No,3,80,1,10,2,4,3
Male,Single,1740,611,88,19833,4349,14,7,4,3,5,2,1,No,3,80,0,21,3,21,8
Female,Married,1744,176,56,9756,6595,21,4,3,1,3,3,4,No,4,80,2,9,2,5,0
Female,Single,1745,1312,78,4968,26427,16,2,4,2,1,1,0,No,3,80,0,10,2,9,7
Male,Married,1746,897,59,2145,2097,14,10,3,3,1,4,0,No,3,80,1,3,2,2,2
Female,Divorced,1747,600,66,2180,9732,11,8,3,2,1,4,6,No,3,80,1,6,0,4,2
Male,Married,1749,1003,51,8346,20943,19,5,3,3,2,3,1,No,3,80,1,6,3,5,2
Female,Single,1751,1054,67,3445,6152,11,8,3,3,1,4,1,No,3,80,0,6,5,6,2
Female,Single,1752,428,52,2760,14630,13,9,3,1,1,2,1,No,3,80,0,2,3,2,2
Male,Single,1753,461,70,6294,23060,12,1,3,4,2,3,8,Yes,3,80,0,10,5,3,2
Male,Divorced,1754,979,94,7140,3088,11,15,2,2,3,1,2,No,3,80,1,12,2,7,7
Male,Married,1755,181,97,2932,5586,14,2,4,4,1,4,0,Yes,3,80,3,6,3,5,0
Female,Single,1756,1283,62,5147,10697,15,2,3,3,2,2,8,No,3,80,0,13,2,11,7
Female,Single,1757,1313,80,4507,8191,12,11,4,3,2,4,3,No,3,80,0,8,1,5,1
Female,Single,1758,211,74,8564,10092,20,16,3,3,3,1,2,Yes,4,80,0,11,2,0,0
Female,Married,1760,594,75,2468,15963,14,2,2,2,1,2,4,No,3,80,1,9,4,6,1
Male,Married,1761,1079,70,8161,19002,13,16,4,3,3,3,2,No,3,80,3,10,2,1,0
Female,Divorced,1762,590,91,2109,10007,13,4,3,2,1,1,1,No,3,80,1,1,2,1,0
Male,Married,1763,305,58,5294,9128,16,16,3,4,2,3,3,No,3,80,1,10,3,7,0
Male,Single,1764,953,65,2718,17674,14,5,4,3,1,2,2,No,3,80,0,12,3,7,7
Male,Married,1766,833,60,5811,24539,16,18,3,1,2,4,3,Yes,3,80,1,15,2,1,0
Male,Married,1767,807,38,2437,15587,16,17,3,2,1,3,9,Yes,3,80,1,6,4,1,0
Male,Divorced,1768,855,57,2766,8952,22,12,3,3,1,2,8,No,4,80,3,7,6,5,3
Male,Married,1770,478,60,19038,19805,12,2,3,2,5,1,8,No,3,80,3,34,2,1,0
Male,Divorced,1771,775,90,3055,6194,15,4,3,3,2,2,5,No,3,80,2,11,2,9,8
Male,Divorced,1772,548,94,2289,20520,20,9,4,3,1,1,1,No,4,80,2,5,2,5,3
Male,Divorced,1774,1375,87,4001,12313,14,10,3,3,2,3,1,Yes,3,80,1,15,3,15,14
Female,Married,1775,661,60,12965,22308,20,1,4,2,4,3,4,Yes,4,80,3,27,2,3,2
Male,Single,1778,244,97,3539,5033,13,2,3,3,1,4,0,No,3,80,0,10,5,9,7
Female,Single,1779,511,32,6029,25353,12,3,2,1,2,4,5,No,3,80,0,6,3,2,2
Male,Single,1780,337,31,2679,4567,13,7,1,3,1,2,1,No,3,80,0,1,3,1,0
Female,Married,1782,1153,40,3702,16376,11,6,2,2,1,3,1,No,3,80,1,5,3,5,4
Female,Married,1783,1294,79,2398,15999,17,8,1,3,1,1,1,Yes,3,80,0,1,6,1,0
Female,Married,1784,196,91,5468,13402,14,29,4,2,2,4,1,No,3,80,2,13,3,12,7
Female,Married,1786,942,53,13116,22984,11,3,3,3,3,3,2,No,3,80,0,15,2,2,2
Male,Married,1787,589,46,4189,8800,14,9,2,2,2,2,1,No,3,80,2,5,2,5,2
Male,Divorced,1789,734,46,19328,14218,17,2,4,3,5,4,7,Yes,3,80,1,24,3,2,1
Male,Married,1790,1383,90,8321,25949,13,10,3,3,3,1,7,Yes,3,80,1,15,1,12,8
Male,Divorced,1792,429,99,2342,11092,12,1,2,3,1,2,1,Yes,3,80,3,6,2,5,3
Male,Divorced,1794,1239,89,4071,12832,13,8,2,3,2,2,2,No,3,80,0,19,4,10,0
Male,Single,1797,303,84,5813,13492,18,27,3,3,2,4,1,Yes,3,80,0,10,2,10,7
Male,Married,1798,867,90,3143,6076,19,8,4,4,1,1,6,No,3,80,1,14,1,10,8
Male,Married,1799,1181,82,2044,5531,11,1,3,3,1,4,1,No,3,80,1,5,6,5,3
Male,Single,1800,1253,65,13464,7914,21,10,1,3,3,3,7,No,4,80,0,9,3,4,3
Male,Single,1801,849,98,7991,25166,15,26,2,2,2,2,8,No,3,80,0,6,3,2,2
Female,Married,1802,616,99,3377,25605,17,2,2,3,1,1,4,No,3,80,1,7,5,4,3
Male,Married,1803,1128,95,5538,5696,18,13,3,4,2,1,5,No,3,80,2,10,2,0,0
Male,Divorced,1804,1180,90,5762,24442,14,2,2,3,2,4,2,No,3,80,1,15,6,7,7
Male,Divorced,1805,1336,100,2592,7129,13,2,3,3,1,2,5,No,3,80,3,13,3,11,10
Male,Married,1807,234,93,5346,6208,17,9,4,3,2,1,4,No,3,80,1,11,3,7,1
Male,Single,1809,370,58,4213,4992,15,10,4,3,2,1,1,No,3,80,0,10,4,10,3
Male,Divorced,1812,766,83,4127,19188,18,20,3,3,2,4,2,No,3,80,1,7,6,2,1
Male,Single,1813,343,52,2438,24978,13,9,3,3,1,3,4,No,3,80,0,7,2,3,2
Male,Single,1814,447,85,6870,15530,12,5,3,4,2,2,3,No,3,80,0,11,3,3,2
Female,Divorced,1815,796,81,10447,26458,13,4,1,3,3,3,0,Yes,3,80,1,23,3,22,14
Female,Single,1816,1092,64,9667,2739,14,10,3,3,3,3,9,No,3,80,0,9,3,7,7
Female,Married,1818,920,69,2148,6889,11,20,2,3,1,2,0,Yes,3,80,0,6,3,5,1
Female,Married,1821,261,66,8926,10842,22,21,2,3,2,2,4,No,4,80,1,13,2,9,7
Female,Divorced,1822,1194,52,6513,9060,17,1,3,3,2,4,4,No,3,80,1,12,3,5,3
Male,Married,1823,810,92,6799,22128,21,8,2,4,2,3,1,No,4,80,2,10,5,10,8
Male,Divorced,1824,350,52,16291,22577,22,2,3,3,4,2,4,No,4,80,1,37,0,16,9
Male,Married,1826,185,91,2705,9696,16,23,4,1,1,3,0,No,3,80,1,6,2,5,4
Female,Divorced,1827,1001,92,10333,19271,12,4,3,2,3,2,8,Yes,3,80,1,28,4,22,11
Female,Divorced,1829,750,47,4448,10748,12,12,3,3,2,1,2,No,3,80,1,15,3,7,4
Female,Married,1830,431,68,6854,15696,15,7,4,3,2,4,4,No,3,80,1,14,2,7,1
Female,Married,1833,1125,68,9637,8277,14,7,4,3,3,1,2,No,3,80,2,9,3,3,2
Female,Married,1834,1217,67,3591,12719,25,1,3,3,1,1,1,No,4,80,1,3,3,3,2
Female,Married,1835,723,77,5405,4244,20,2,4,1,2,4,2,Yes,4,80,2,20,4,4,2
Male,Single,1836,572,46,4684,9125,13,10,3,3,2,4,1,No,3,80,0,5,4,5,3
Male,Married,1837,1216,87,15787,21624,14,15,4,3,4,3,2,Yes,3,80,0,23,3,2,2
Female,Single,1839,1431,33,1514,8018,16,14,3,3,1,3,1,No,3,80,0,0,4,0,0
Male,Married,1842,359,89,2956,21495,17,18,5,4,1,1,0,No,3,80,0,2,4,1,0
Male,Divorced,1844,350,56,2335,3157,15,13,3,2,1,1,4,Yes,3,80,3,4,3,2,2
Female,Married,1845,589,67,5154,19665,22,2,4,3,2,3,4,No,4,80,2,10,3,8,7
Female,Married,1847,430,73,6962,19573,22,2,4,3,2,2,4,Yes,4,80,1,15,2,1,0
Male,Married,1849,1422,92,5675,19246,20,2,4,3,2,4,1,No,4,80,1,7,5,7,7
Female,Single,1850,1297,53,2379,19826,14,5,2,3,1,4,0,Yes,3,80,0,6,3,5,4
Male,Married,1852,574,40,3812,7003,13,20,1,3,1,4,1,No,3,80,0,11,3,11,8
Male,Single,1853,1318,79,4648,26075,13,10,4,3,2,4,8,No,3,80,0,4,2,0,0
Male,Married,1854,355,38,2936,6161,22,10,4,3,1,3,3,No,4,80,2,10,1,6,3
Female,Single,1856,207,64,2105,5411,12,9,4,3,1,3,4,No,3,80,0,7,2,2,2
Male,Divorced,1857,706,82,8578,19989,14,2,2,3,3,4,3,No,3,80,1,12,4,9,8
Male,Divorced,1858,280,43,2706,10494,15,1,2,3,1,4,1,No,3,80,1,3,2,3,2
Male,Divorced,1859,726,93,6384,21143,17,29,1,1,2,3,8,No,3,80,2,11,3,7,0
Male,Single,1860,1142,81,3968,13624,13,8,3,3,1,3,4,No,3,80,0,8,3,0,0
Male,Single,1862,414,82,9907,26186,12,2,4,2,2,2,7,Yes,3,80,0,7,3,2,2
Female,Divorced,1863,1319,45,13225,7739,12,3,3,4,4,1,2,No,3,80,1,25,5,19,17
Female,Married,1864,728,36,3540,7018,21,23,1,2,2,3,1,No,4,80,1,9,5,9,8
Male,Married,1865,352,87,2804,15434,11,6,1,2,1,2,1,No,3,80,0,1,3,1,0
Female,Married,1866,823,81,19392,22539,13,6,3,2,5,3,7,No,3,80,0,21,2,16,12
Male,Married,1867,1224,91,19665,13583,12,10,3,2,5,2,4,No,3,80,0,29,3,22,10
Male,Single,1868,459,73,2439,14753,24,24,2,2,1,4,1,Yes,4,80,0,1,3,1,0
Female,Married,1869,1254,64,7314,14011,21,10,3,3,3,2,5,No,4,80,3,14,2,8,7
Female,Married,1870,1131,77,4774,23844,19,15,3,2,1,1,0,No,3,80,1,8,2,7,6
Male,Divorced,1871,835,41,3902,5141,14,19,4,3,2,4,8,No,3,80,3,7,2,2,2
Male,Married,1873,836,98,2662,7975,20,2,4,2,1,4,8,No,4,80,1,19,2,5,2
Female,Married,1875,1172,78,2856,3692,19,3,3,3,1,2,1,No,3,80,1,1,3,1,0
Male,Single,1876,945,89,1081,16019,13,9,3,3,1,4,1,No,3,80,0,1,3,1,0
Male,Single,1878,391,75,2472,26092,23,7,1,3,1,2,1,Yes,4,80,0,1,2,1,0
Female,Married,1880,1266,63,5673,6060,13,10,4,2,2,3,1,Yes,3,80,1,10,4,10,9
Male,Divorced,1881,311,89,4197,18624,11,20,3,3,2,3,1,No,3,80,1,10,2,10,8
Male,Married,1882,1480,64,9713,24444,13,4,3,3,3,4,2,Yes,3,80,3,9,3,5,3
Male,Single,1883,592,59,2062,19384,14,7,3,3,1,1,3,No,3,80,0,11,2,3,2
Male,Married,1885,783,78,4284,13588,22,7,4,3,2,1,5,Yes,4,80,1,16,2,5,3
Female,Married,1886,219,44,4788,25388,11,16,2,2,2,2,0,Yes,3,80,0,4,2,3,2
Female,Married,1888,556,93,5906,23888,13,25,2,2,2,4,0,No,3,80,2,10,2,9,8
Male,Single,1890,1213,94,3886,4223,21,2,1,2,2,4,1,No,4,80,0,10,2,10,1
Male,Divorced,1892,1137,98,16823,18991,11,1,4,3,4,1,2,No,3,80,1,22,3,19,7
Female,Married,1893,482,90,2933,14908,13,1,2,2,1,3,1,Yes,3,80,1,1,3,1,0
Female,Single,1898,511,89,6500,26997,14,2,2,4,2,3,0,No,3,80,0,9,5,8,7
Female,Divorced,1900,117,58,17174,2437,11,22,3,3,4,4,3,No,3,80,1,24,3,22,17
Male,Married,1903,170,78,5033,9364,15,1,4,4,2,1,2,No,3,80,1,10,5,2,0
Male,Married,1905,967,85,2307,14460,23,16,4,1,1,1,1,Yes,4,80,1,5,2,5,2
Male,Single,1907,1162,97,2587,10261,16,24,2,3,1,4,1,No,3,80,0,5,3,4,2
Male,Married,1908,335,33,5507,16822,16,17,2,2,2,2,2,No,3,80,2,12,1,4,2
Female,Married,1909,337,54,4393,26841,21,8,3,3,2,2,5,No,4,80,1,14,3,5,4
Male,Married,1911,1396,83,13348,14842,13,6,3,3,3,1,9,No,3,80,1,18,3,13,7
Female,Divorced,1912,1079,86,6583,20115,11,10,2,3,2,4,2,Yes,3,80,1,8,2,5,2
Female,Married,1915,735,75,8103,16495,12,3,1,2,2,4,3,Yes,3,80,0,9,3,4,2
Female,Divorced,1916,471,62,3978,16031,12,4,3,4,1,3,8,No,3,80,1,4,0,2,2
Male,Married,1918,1096,61,2544,7102,18,6,3,4,1,4,0,No,3,80,1,8,3,7,7
Male,Single,1922,1297,44,5399,14511,12,1,4,3,2,3,4,No,3,80,0,12,3,4,2
Male,Single,1924,217,43,5487,10410,14,10,4,3,2,3,1,No,3,80,0,10,2,10,4
Male,Married,1927,783,42,6834,19255,12,1,2,2,2,4,1,Yes,3,80,1,7,2,7,7
Male,Single,1928,746,45,1091,10642,17,24,3,4,1,1,1,No,3,80,0,1,3,1,0
Female,Married,1929,1251,32,5736,3987,19,21,4,1,2,3,6,No,3,80,1,10,1,3,2
Male,Married,1931,1354,41,2226,6073,11,2,4,3,1,2,1,No,3,80,1,6,3,5,3
Male,Married,1932,735,86,5747,26496,15,22,4,2,2,4,1,Yes,3,80,0,16,3,15,10
Female,Single,1933,1475,84,9854,23352,11,13,2,3,2,3,3,Yes,3,80,0,6,0,2,0
Male,Married,1934,1169,64,5467,2125,18,14,4,3,2,2,8,No,3,80,1,16,4,8,7
Female,Married,1935,1443,89,5380,20328,16,11,5,2,2,1,4,No,3,80,1,6,3,0,0
Male,Married,1936,867,87,5151,12315,25,9,2,3,2,1,1,No,4,80,1,10,3,10,0
Female,Divorced,1937,1394,58,2133,18115,16,8,3,2,2,2,1,Yes,3,80,1,20,3,20,11
Female,Married,1938,605,72,17875,11761,13,21,3,3,4,4,4,Yes,3,80,1,29,2,1,0
Female,Single,1939,238,47,2432,15318,14,5,2,4,1,3,3,Yes,3,80,0,8,2,4,1
Male,Divorced,1940,1206,71,4771,14293,19,9,2,3,1,4,2,No,3,80,2,10,0,5,2
Male,Married,1941,1064,42,19161,13738,15,2,1,3,5,4,3,No,3,80,0,28,3,5,4
Male,Divorced,1943,419,77,5087,2900,12,12,4,3,2,4,3,Yes,3,80,2,14,4,0,0
Female,Married,1944,1337,58,2863,19555,12,22,3,2,1,2,1,No,3,80,0,1,2,1,0
Male,Married,1945,682,71,5561,15975,16,18,4,3,2,1,0,No,3,80,1,6,2,5,3
Male,Single,1947,1103,49,2144,2122,14,16,3,3,1,3,1,No,3,80,0,5,3,5,3
Male,Divorced,1948,976,48,3065,3995,13,3,2,3,1,1,1,Yes,3,80,1,4,3,4,2
Male,Married,1949,1351,66,2810,9238,22,9,4,4,1,2,1,No,4,80,0,5,3,5,4
Male,Single,1950,937,32,9888,6770,21,1,3,3,3,4,1,No,4,80,0,14,3,14,8
Male,Divorced,1951,1239,39,8628,22914,18,13,4,3,3,3,1,No,3,80,1,9,2,8,7
Male,Single,1952,157,95,2867,20006,13,1,3,3,1,1,0,No,3,80,0,8,6,7,7
Male,Married,1954,136,89,5373,6225,12,1,3,3,2,1,0,No,3,80,1,6,5,5,3
Female,Divorced,1955,1146,34,6667,16542,18,15,4,3,2,4,5,No,3,80,1,9,6,5,1
Male,Married,1956,1125,48,5003,5771,21,1,3,1,2,1,1,No,4,80,0,10,6,10,8
Male,Divorced,1960,1404,32,2367,18779,12,17,3,2,1,4,5,No,3,80,1,6,2,4,1
Male,Single,1961,1404,59,2858,11473,14,1,3,2,1,1,4,No,3,80,0,20,3,1,0
Female,Married,1962,1224,55,5204,13586,11,7,4,3,2,4,1,Yes,3,80,0,10,2,10,8
Male,Single,1965,954,44,4105,5099,14,9,3,3,2,4,1,No,3,80,0,7,5,7,7
Male,Single,1966,1373,56,9679,10138,24,5,4,2,2,4,8,No,4,80,0,8,1,1,0
Male,Married,1967,754,63,5617,21075,11,26,4,3,2,4,1,Yes,3,80,0,10,4,10,7
Male,Single,1968,1168,66,10448,5843,13,24,4,3,3,1,6,Yes,3,80,0,15,2,2,2
Female,Married,1969,155,67,2897,22474,11,9,2,3,2,3,3,No,3,80,2,9,6,4,3
Male,Divorced,1970,1303,36,5968,18079,20,7,2,3,2,3,1,No,4,80,3,9,2,9,7
Male,Married,1971,574,30,7510,16873,17,11,3,3,3,3,1,No,3,80,1,10,1,10,9
Male,Married,1972,1444,88,2991,5224,11,1,4,3,1,2,0,Yes,3,80,1,7,2,6,2
Male,Married,1973,189,71,19636,25811,18,26,4,4,5,2,4,Yes,3,80,1,35,0,10,9
Female,Divorced,1974,1276,59,1129,17536,11,2,1,1,1,4,1,Yes,3,80,3,1,4,1,0
Male,Single,1975,119,77,13341,25098,12,15,4,3,4,1,0,No,3,80,0,21,3,20,8
Male,Single,1976,335,37,4332,14811,12,23,2,2,2,3,1,No,3,80,0,20,2,20,9
Female,Married,1979,697,40,11031,26862,20,10,3,3,3,3,4,No,4,80,1,13,2,11,7
Female,Single,1980,157,77,4440,25198,19,10,3,3,2,1,6,Yes,3,80,0,9,3,5,2
Male,Single,1981,771,45,4617,14120,12,1,2,2,2,3,1,No,3,80,0,4,2,4,3
Male,Single,1982,571,78,2647,13672,13,12,2,3,1,4,1,No,3,80,0,5,6,5,2
Female,Married,1985,692,73,6323,26849,11,11,3,3,2,3,1,No,3,80,1,10,2,10,9
Female,Married,1986,444,92,5677,4258,14,2,2,3,2,2,3,No,3,80,1,15,4,11,8
Female,Married,1987,309,82,2187,19655,14,2,3,3,1,2,4,No,3,80,0,6,3,2,0
Male,Married,1989,911,76,3748,4077,13,1,2,3,1,2,1,No,3,80,0,12,6,12,8
Male,Divorced,1992,977,57,3977,7298,19,2,1,3,1,3,6,Yes,3,80,1,7,2,2,2
Male,Single,1993,1180,84,8633,13084,23,25,3,3,3,3,2,No,4,80,0,25,3,17,14
Male,Divorced,1994,1313,59,2008,20439,12,1,2,2,1,3,1,No,3,80,3,1,2,1,1
Male,Married,1995,1321,86,4440,7636,15,1,4,3,2,2,0,No,3,80,2,16,3,15,13
Male,Married,1996,1154,54,3067,6393,19,2,2,3,1,3,0,No,3,80,1,3,1,2,2
Male,Married,1997,508,72,5321,14284,11,6,4,2,2,3,2,No,3,80,1,10,1,8,3
Male,Divorced,1998,557,35,5410,11189,17,18,4,3,2,1,6,Yes,3,80,1,9,3,4,3
Male,Married,1999,642,76,2782,21412,22,1,3,3,1,4,3,No,4,80,1,12,3,5,3
Female,Married,2000,1162,98,11957,17231,18,1,1,3,3,2,0,No,3,80,2,14,3,13,8
Male,Married,2003,1490,43,2660,20232,11,11,4,3,1,3,7,Yes,3,80,1,5,3,2,2
Male,Single,2007,581,63,3375,17624,12,1,2,3,1,3,0,No,3,80,0,4,2,3,2
Male,Single,2008,1395,48,5098,18698,19,9,4,3,2,3,1,No,3,80,0,10,5,10,7
Female,Married,2009,501,95,4878,21653,13,15,2,3,2,4,0,Yes,3,80,1,10,6,9,7
Female,Single,2010,267,49,2837,15919,13,29,4,2,1,2,1,No,3,80,0,6,3,6,2
Male,Married,2012,543,83,2406,4060,19,1,4,3,1,4,8,No,3,80,2,8,3,1,0
Male,Married,2013,234,68,2269,18024,14,1,4,2,1,2,0,No,3,80,1,3,2,2,2
Male,Single,2014,116,52,4108,5340,13,24,1,3,2,4,7,No,3,80,0,18,2,7,7
Female,Married,2015,201,99,13206,3376,12,10,3,1,3,3,3,No,3,80,1,20,3,18,16
Female,Married,2016,801,48,10422,24032,19,1,4,3,3,4,1,No,3,80,2,14,3,14,10
Female,Married,2017,161,42,13744,15471,25,10,3,4,3,4,1,Yes,4,80,1,16,2,16,11
Female,Divorced,2018,1382,85,4907,13684,22,8,2,3,2,3,0,Yes,4,80,1,6,3,5,3
Male,Divorced,2019,585,40,3482,19788,15,29,4,3,1,4,2,No,3,80,2,16,3,9,8
Male,Single,2020,1037,42,2436,13422,12,1,3,3,1,4,6,Yes,3,80,0,6,2,4,3
Male,Single,2021,501,58,2380,25479,11,5,1,3,1,1,1,Yes,3,80,0,2,6,2,2
Male,Single,2022,105,87,19431,15302,13,9,3,3,5,4,2,No,3,80,0,21,3,6,0
Male,Married,2023,638,33,1790,26956,19,9,3,3,1,1,1,No,3,80,1,1,3,1,0
Female,Married,2024,557,94,7644,12695,19,3,3,2,3,4,0,No,3,80,2,10,2,9,7
Female,Divorced,2025,688,97,5131,9192,13,4,2,3,2,2,7,No,3,80,3,18,3,4,2
Male,Divorced,2026,667,57,6306,26236,21,1,4,3,2,3,1,No,4,80,1,13,2,13,12
Male,Married,2027,1092,36,4787,26124,14,1,4,3,1,4,9,Yes,3,80,3,4,3,2,2
Male,Married,2031,300,56,18880,17312,11,2,3,3,5,3,5,No,3,80,0,24,2,22,6
Male,Married,2032,310,72,2339,3666,11,7,2,3,1,3,8,No,3,80,1,14,4,10,9
Female,Married,2034,582,60,13570,5640,23,28,4,2,4,2,0,No,4,80,1,21,3,20,7
Female,Married,2035,704,95,6712,8978,21,28,3,2,2,3,1,No,4,80,2,8,2,8,7
Male,Divorced,2036,301,88,5406,10436,24,15,4,1,2,4,1,No,4,80,1,15,4,15,12
Male,Divorced,2037,930,57,8938,12227,11,3,3,2,2,2,2,No,3,80,1,14,5,5,4
Male,Single,2038,529,78,2439,11288,14,2,3,3,1,1,1,No,3,80,0,4,4,4,2
Female,Single,2040,1146,31,8837,16642,16,26,4,3,3,4,1,Yes,3,80,0,9,2,9,0
Female,Married,2041,345,100,5343,5982,11,10,2,3,2,4,1,No,3,80,1,10,1,10,7
Male,Divorced,2044,878,94,6728,14255,12,1,4,3,2,3,7,No,3,80,2,12,3,6,3
Female,Married,2045,1120,100,6652,14369,13,11,4,2,2,4,4,No,3,80,1,8,2,6,3
Female,Single,2046,374,50,4850,23333,15,20,3,3,2,3,8,No,3,80,0,8,3,5,3
Male,Single,2048,1322,52,2809,2725,14,2,4,2,1,3,2,No,3,80,0,8,2,2,2
Male,Married,2049,1199,80,5689,24594,14,18,4,3,2,3,1,Yes,3,80,2,10,2,10,2
Female,Married,2051,1194,98,2001,12549,14,2,4,3,1,3,2,No,3,80,3,20,2,5,3
Female,Married,2052,287,62,2977,8952,12,1,4,1,1,4,1,No,3,80,1,4,5,4,3
Male,Married,2053,1378,46,4025,23679,13,13,2,2,2,2,4,Yes,3,80,1,10,2,4,3
Female,Single,2054,468,73,3785,8489,14,28,4,2,1,1,1,No,3,80,0,5,3,5,4
Male,Divorced,2055,410,39,10854,16586,13,28,3,2,3,1,4,Yes,3,80,1,20,3,3,2
Female,Married,2056,722,60,12031,8828,11,24,1,2,4,4,0,No,3,80,1,21,2,20,9
Male,Single,2057,325,74,9936,3787,19,5,3,3,2,1,0,No,3,80,0,10,2,9,4
Female,Single,2060,1167,30,2966,21378,18,5,3,2,1,3,0,No,3,80,0,5,2,4,2
Male,Married,2061,884,41,2571,12290,17,23,2,4,2,4,4,No,3,80,1,17,3,5,2
Male,Married,2062,613,42,9991,21457,15,6,1,2,3,1,4,No,3,80,1,9,5,7,7
Male,Married,2064,155,87,6142,5174,20,4,3,4,2,2,1,Yes,4,80,1,6,0,6,2
Male,Married,2065,1023,63,5390,13243,14,2,3,2,2,2,2,No,3,80,0,17,3,9,6
Male,Married,2068,628,82,4404,10228,12,8,3,4,2,3,2,No,3,80,0,6,3,4,3